catalog,g60
10,4.479783
100,3.624642
1000,19.83469
1001,40.59092
1002,2.629229
1003,41.45482
1004,10.51353
1007a,88.45119
1007b,85.69278
1007c,19.51934
1007d,90.73209
1007e,12.70309
1007f,14.73324
1007g,86.71999
1007h,21.30519
1007i,14.03221
1007j,90.62063
1007k,92.98425
1007l,15.41453
1007m,13.00939
1007n,94.69843
1007o,15.04828
1007p,92.20178
1007q,92.29955
1007r,27.72501
1007s,15.82108
1007t,12.69694
1007u,93.51247
1007v,3.461182
1007w,16.80414
1007x,17.12984
1008a,7.830747
1008b,10.92876
1008c,15.09686
1008d,3.839989
1008e,6.006505
1008f,6.671943
1008g,3.992419
1008h,8.262983
1008i,2.41414
1008j,2.991494
1008k,3.930414
1008l,3.384799
1008m,5.155631
1008n,5.853319
1008o,11.21782
1008p,6.86848
1008q,1.753154
1008r,39.86265
1008s,5.972798
1008t,12.93156
1008u,52.9398
1008v,1.868936
1009,26.24011
1010,5.587227
1011,7.882285
1012,32.87514
1013,5.406281
1014,9.489732
1015,8.957758
1016,9.771767
1017,10.09981
1018,4.010266
1019,50.18142
102,58.53059
1020,40.26357
1021,5.426616
1025,59.06444
1026,30.21858
1028,63.45813
1029,59.23014
103,10.15804
1030,23.7583
1033,42.07076
1034,93.52643
1035,25.61448
1036,34.29456
1037,76.04561
1038,43.21613
1039,84.95737
104,27.9463
1040,58.63115
105,27.95667
106,31.77229
107,48.05841
108,38.72027
109,63.05759
11,9.255589
110,48.74689
111,56.39571
112,13.93359
113,6.185472
115,59.87507
116,62.2257
117,48.23056
118,54.25431
119,11.84727
120,94.94874
121,33.47453
122,98.14624
1223,41.27482
123,95.10912
124,48.05145
125,9.365667
126,56.79453
128,6.114184
129,62.25845
13,41.16193
130,7.484579
131,16.19821
132,57.64864
133,9.136509
134,41.03097
135,43.85759
136,29.26626
137,23.93876
138,42.79343
1380,7.91526
1381,8.484116
1382,48.52072
1383,10.47903
1384,8.997786
1385,35.52869
1386,27.26404
1387,62.50909
1388,9.110947
1389,55.94446
139,54.70252
1390,15.3301
1391,57.47393
1392,9.578151
1393,52.58083
1394,52.00333
1395,7.55596
1396,49.57798
1397,7.881595
1398,8.713266
1399,37.36086
140,3.889833
1400,11.5169
1401,10.85628
1402,6.193983
1403,5.148491
1405,67.06042
1406,54.58039
1407,6.367239
1408,95.76772
1409,41.02711
141,50.6839
1410,25.31988
1411,41.22083
1412,37.06482
1413,32.36362
1414,44.3326
1415,33.91756
1416,42.71313
1417,8.564925
1418,42.76546
1419,9.862474
142,63.03162
1420,9.840034
1422,6.821753
1423,9.371634
1424,94.26584
1425,47.13378
1426,9.882336
1427,9.010428
1428,8.920992
1429,60.07394
143,35.48994
1430,9.398828
1431,6.3482
1432,6.988413
1433,9.173555
1434,8.856596
1435,8.223717
1436,9.966036
1437,4.399528
1439,21.38784
144,34.04958
1440,8.675304
1441,8.910309
1442,10.62615
1443,8.539044
1444,58.17249
1445,48.71432
1446,7.710085
1447,12.74553
1448,9.835836
1449,4.178939
145,49.90302
1450,14.98033
1451,27.85241
1452,17.57539
1453,8.566293
1454,32.49037
1455,12.56157
1456,4.172484
1457,16.43975
1458,52.24576
1459,51.22952
146,6.554399
1460,11.17867
1461,56.826565
1462,60.22919
1463,61.71802
1464,61.56326
1465,70.67408
1466,67.45556
1467,71.65339
1468,54.67537
1469,51.98339
147,60.59706
1470,49.9689
1471,70.46916
1472,69.817035
1473,49.32664
1474,49.02733
1475,10.40487
1476,57.63572
1477,57.5546
1478,5.56549
1479,5.4108
148,64.63084
1480,6.030549
1481,5.346996
1482,10.14928
1483,27.77467
1484,32.27782
1485,31.27252
1486,28.91746
1487,28.96393
1488,28.94681
1489,31.42373
149,9.749304
1490,32.45483
1491,30.76672
1492,29.2327
1493,29.6227
1494,32.25499
1495,40.62876
1496,50.26194
1497,7.241206
1498,19.08969
15,10.00474
150,57.82214
1500,47.77604
1501,8.160911
1502,12.31438
1503,46.94094
1504,11.13499
1505,49.96725
1506,6.027856
1507,5.963142
1508,6.065725
1509,6.156287
151,64.57281
1510,10.99194
1511,7.707989
1512,9.388827
1513,7.609544
1514,25.66705
1515,8.088305
1516,9.91206
1517,49.56853
1518,57.18786
1519,10.14412
152,44.084
1520,11.10151
1521,11.05034
1522,7.106117
1523,9.785072
1524,12.09571
1525,7.288619
1526,6.73475
1527,35.98094
1528,40.01239
1529,9.700953
153,5.842883
1530,50.60096
1531,48.18478
1532,46.42357
1534,47.16278
1535,55.60615
1537,46.63945
1538,34.45374
1539,52.07623
154,35.29502
1540,23.97805
1541,54.144
1542,5.399503
1543,55.25537
1544,44.4304
1545,36.52079
1546,50.6715
1547,52.47742
1548,52.59243
1549,13.03459
155,65.67224
1550,10.59289
1551,53.04394
1552,8.358428
1553,13.29305
1554,46.93597
1555,10.10403
1556,10.5097
1557,55.16968
1558,54.45158
156,69.09013
159,26.3859
16,7.258767
160,8.952381
161,11.12771
162,8.284794
164,62.92032
165,63.88771
166,76.42834
167,22.73993
1670,47.24298
1671,68.59086
1672,48.71099
1673,29.00323
1674,40.66837
1675,69.66219
1676,50.33452
1677,54.50336
1678,92.64566
1679,96.34378
1680,96.19006
1681,51.18485
1682,44.09348
1683,48.3836
1684,51.39568
1685,52.31334
1686,21.71493
1687,42.06271
1688,7.550863
1689,8.147381
169,11.29215
1690,6.745016
1691,12.06201
1692,13.9481
1693,45.2956
1694,14.77203
1697a,92.97559
1697aa,93.68052
1697b,9.186872
1697bb,39.20682
1697c,7.685916
1697cc,13.94627
1697d,13.78761
1697dd,16.01641
1697e,17.99466
1697ee,92.15683
1697f,91.53695
1697ff,12.91781
1697g,17.27997
1697gg,12.82252
1697h,15.99098
1697hh,15.05839
1697i,8.798257
1697ii,15.71236
1697j,23.19445
1697jj,11.2778
1697k,23.93363
1697kk,12.24424
1697l,8.186658
1697ll,91.8073
1697m,17.86801
1697mm,87.18552
1697n,17.9297
1697o,2.622284
1697p,14.01391
1697q,11.87468
1697r,17.23214
1697s,12.53257
1697t,6.601226
1697u,1.972343
1697v,16.48424
1697w,7.274216
1697x,14.70786
1697y,10.28565
1697z,11.76797
1699,16.11437
1701,10.77234
1702,56.83893
1703,15.26294
1704,48.41997
1705,8.348408
1706,47.43814
1707,9.81758
1708,58.16129
1709,8.612661
171,6.588648
1710,11.30817
1711,11.80916
1712,7.553867
1713,51.23774
1714,8.368895
1715,58.73771
1716,7.753541
1717,47.44771
1718,32.48322
1719,50.509
172,70.40618
1720,52.22877
1721,35.46974
1722,36.0313
1723,34.33837
1724,40.19308
1725,39.12867
1726,40.53102
1729,4.334162
173,14.43244
1730,98.43109
1731,13.383
1732,42.6615
1733,5.866848
1734,93.05525
1736,53.37609
1737,16.97949
1738,15.81563
1739,51.72887
174,9.981293
1740,6.216944
1741,87.72791
1742,58.40465
1743,50.44218
1744,10.88515
1745,12.63607
1746,21.17911
1747,3.058709
1748,12.83871
1749,35.2812
175,68.697925
1751,44.3531
1752,9.407233
1754,8.502677
1755,8.660738
1756a,86.92502
1756b,10.80832
1756c,24.00266
1756d,15.25115
1756e,41.33826
1756f,40.46597
1756g,2.981661
1756h,14.51869
1756i,4.440202
1756j,5.742813
1756k,16.27331
1757,56.08512
1758,15.6463
1759,62.69733
1760,56.31235
1761,7.700634
1762,91.04672
1763,33.26029
1764,96.64854
1765,66.21352
1766,4.596033
1767,23.27654
1768,98.50704
1769,95.83151
177,63.92036
1770,97.38415
1771,72.48512
1781,8.609083
1782,63.08792
1784,15.9785
1785,67.07146
1786,14.30842
1787,7.523732
1788,43.04935
1789,61.1995
179,42.08232
1791,12.39365
1792,9.985336
1793,44.67496
1794,14.48532
1795,10.14972
1797,53.98972
1798,51.09813
1799,42.80948
17a,77.81126
17b,22.74753
17c,85.10972
17d,21.08741
17e,8.215443
17f,2.62918
17g,26.47246
17h,35.51181
17i,77.77373
17j,4.976002
17k,3.957932
17l,33.31743
17m,90.55527
17n,4.947713
17o,1.06094
17p,4.568641
17q,4.258054
18,55.16263
180,49.82726
1800,48.46673
1802,8.583584
1803,8.58795
1804,13.77574
1805,7.724702
1806,20.94227
1807,57.57758
1808,53.85524
1809,7.708393
181,44.41263
1810,7.240327
1811,31.40581
1812,90.01215
1813,19.06599
1814,42.71357
1815,12.55962
1816,10.16766
1817,12.4414
1818,7.001917
1819,41.35481
182,10.36735
1820,9.340692
1821,10.19987
1822,20.78948
1823,44.31149
1824,39.45487
1825,41.90276
1826,3.614281
1827,65.60801
1828,11.53986
1829,80.86845
183,93.60771
1830,32.34354
1831,63.38977
1832,66.58689
1834,10.49029
1835,10.43515
1837,41.56118
1838,17.51313
1839,18.309
184,49.79898
1840,17.41372
1841,29.76538
1842,28.92793
1843,9.627254
1844,31.35339
1845,64.22955
1846,65.46887
1847,29.45356
1848,69.564
1849,95.90496
185,37.96004
1850,44.88769
1851,9.329598
1852,9.401214
1853,46.22551
1854,49.57951
1855,37.61074
1856,32.045325
1857,49.12181
1858,40.14983
1859,6.130733
186,56.62791
1860a,7.425429
1860b,23.47063
1860c,97.28526
1860d,4.517986
1860e,29.25732
1860f,7.025759
1860g,12.35495
1861,7.13126
1862,63.66716
1863,56.55358
1864,43.51791
1865,52.0285
1866,49.24048
1867,45.94899
1868,52.37109
1869,56.73385
187,7.338163
1870,60.82877
1871,60.4544
1872,8.982765
1873,6.915525
1874,6.749422
1875,28.81886
1876,96.1254
1877,15.52308
1878,19.95741
1879a,92.72072
1879b,91.9492
1879c,11.06779
1879d,11.23938
1879e,9.831049
1879f,13.37912
1879g,91.25573
1879h,92.50116
1879i,10.72113
1879j,94.52661
1879k,10.49908
1879l,14.91958
1879m,5.63259
1879n,17.69372
1879o,10.54781
1879p,7.25567
1879q,2.756817
1879r,6.809779
1879s,9.112319
1879t,5.313546
1879u,6.923069
188,56.3823
1880a,7.577053
1880b,12.95364
1880c,3.638259
1880d,197.9906
1880e,16.47657
1880f,2.78205
1880g,2.156435
1880h,10.90079
1880i,11.01288
1880j,8.845253
1880k,10.81101
1880l,10.06417
1880m,11.29761
1880n,7.118436
1880o,8.207575
1880p,10.02998
1880q,87.20573
1880r,3.110807
1880s,8.722785
1880t,2.259979
1880u,7.074317
1880v,2.24447
1880w,1.864869
1880x,1.858259
1880y,2.08489
1882a,1.555175
1882b,1.621632
1882c,5.214908
1882d,1.443017
1882e,4.143158
1882f,93.30441
1882g,12.59701
1882h,10.92497
1882i,0.4435001
1882j,5.306016
1882k,6.249316
1882l,8.816546
1882m,4.579478
1882n,14.90492
1882o,2.630566
1882p,3.709874
1882q,2.231035
1882r,2.800445
1882s,0.7068604
189,53.18965
190,7.803193
191,47.20105
192,45.32641
193,3.66624
1941,10.68907
1942a,84.64171
1942b,22.00516
1942c,89.97272
1942d,35.56692
1942e,10.10762
1942f,2.279087
1942g,30.07775
1942h,8.598507
1942i,4.817199
1942j,90.40567
1942k,6.401437
1942l,87.06156
1942m,9.104925
1942n,1.135793
1942o,9.627921
1942p,10.0841
1942q,7.884038
1942r,9.495138
1943,8.303192
1944,29.4181
1945,47.64508
1946,51.94914
1947,50.18974
1948,11.28315
1949,11.42608
1950,55.55106
1951,15.77723
1952,10.5126
1953,12.1248
1954,10.35502
1955,64.34184
1956,7.521958
1957,65.32697
1958,56.18996
1959,5.427015
1960,49.88734
1961,51.61858
1962,8.51186
1963,6.864938
1964,96.62098
1965,92.69304
1966,73.1973
1967,61.40705
1968,63.31383
1969,58.51848
1970,29.98904
1971,47.63156
1972,67.61669
1973,47.84482
1974,7.556561
1975,13.39554
1976,3.857157
1977,3.401894
1978,6.597081
1979,51.68676
1980,5.86644
1981,41.35991
1982,65.29764
1983,7.844752
1984,12.48202
1985,8.611781
1986,6.755441
1987,8.491608
1988,6.560082
1989,63.2862
1990,11.41614
1991,13.54417
1992,53.38605
1993,11.79253
1994,98.16982
1995,16.6008
1996,97.81929
1997,38.44247
1998,94.72706
1999,11.15175
2,43.58566
200,37.58984
2000,12.17193
2001,52.13891
2003,8.668756
2004,2.690462
2005,8.493867
2006,3.128208
2007,7.072244
2008,5.687377
2009,7.99357
201,49.72599
2010,11.69214
2012,3.168369
2013,43.44448
2014,54.35094
2015,10.81571
2016,95.06668
2017,18.27815
2018,8.139419
202,37.8075
2020,5.959224
2021,2.733996
2022,13.57902
2023,27.72354
2024,11.50749
2025,91.27473
2026,53.65332
2027,51.3643
2028,20.35974
2029,20.98005
203,8.987884
2030,7.328548
2031,6.698328
2032,7.237317
2033,7.865862
2034,9.411562
2035,110.8533
2036,59.00673
2037,35.98424
2038,36.32355
2039,10.89967
204,10.14718
2040,46.06153
2041,55.86087
2044,9.326338
2046,10.18084
2049,42.84738
205,41.74366
2050,40.735285000000005
2051,97.67875
2052,20.37079
2053,20.88012
2054,31.12107
2055,52.67868
2056,8.576015
2057,8.153109
2059,31.90446
206,25.43329
2060,15.72007
2061,7.160372
2062,10.84563
2063,10.76888
2064,10.87352
2065,25.18179
2066,11.77179
2067,24.29124
2068,49.17387
2069,98.17447
207,9.352744
2070,96.27295
2072,19.70001
2073a,92.74727
2073aa,7.022664
2073b,92.41617
2073bb,51.61856
2073c,13.41464
2073cc,41.54827
2073d,13.28132
2073e,5.188347
2073f,9.088904
2073g,10.65955
2073h,9.406478
2073i,11.06059
2073j,102.8297
2073k,94.43319
2073l,10.84964
2073m,13.13164
2073n,13.23914
2073o,11.96713
2073p,11.95886
2073q,15.48761
2073r,3.624245
2073s,3.573609
2073t,11.14598
2073u,91.48302
2073v,94.94041
2073w,14.01904
2073x,23.90709
2073y,26.94741
2074a,94.16734
2074b,94.06896
2074c,95.09825
2074d,10.5779
2074e,11.95529
2074f,4.161185
2074g,0.5685337
2074h,11.61494
2074i,14.10153
2074j,4.062472
2074k,4.283209
2074l,10.29416
2074m,1.083332
2074n,9.90296
2074o,5.373416
2074p,4.447775
2074q,9.482981
2074r,96.26558
2074s,5.185387
2074t,0.8238003
2076a,88.82024
2076aa,9.435649
2076b,89.08804
2076bb,8.909036
2076c,84.60089
2076cc,90.41492
2076d,10.25955
2076dd,16.89687
2076e,15.51656
2076ee,89.19723
2076f,15.96241
2076g,10.4959
2076h,4.121334
2076i,20.11384
2076j,17.54091
2076k,11.73822
2076l,7.416616
2076m,9.711062
2076n,8.415696
2076o,12.68556
2076p,97.75573
2076q,16.69168
2076r,16.82894
2076s,13.38789
2076t,21.60427
2076u,11.65091
2076v,9.604548
2076w,2.979284
2076x,4.196563
2076y,96.20639
2076z,90.92019
2077a,3.810908
2077b,8.933602
2077c,12.60143
2077d,8.689549
2077e,4.191987
2077f,14.14721
2077g,93.92879
2077h,96.45381
2077i,12.63994
2077j,108.6869
2077k,12.76413
2077l,9.687343
2077m,3.000485
2077n,9.709915
2077o,11.38084
2077p,2.462021
2077q,10.60353
2077r,9.008663
2079a,90.82475
2079b,7.8263
2079c,19.81363
2079d,25.63134
2079e,94.54435
2079f,21.69367
2079g,93.80014
2079h,8.368313
2079i,0.6019012
2079j,4.598358
208,48.31801
2080a,11.91338
2080b,4.41638
2080c,15.4271
2080d,1.783803
2080e,14.24768
2080f,92.91085
2080g,9.671713
2080h,91.44844
2080i,10.8657
2080j,3.823243
2080k,94.28133
2080l,11.35364
2080m,13.60969
2080n,8.64644
2081a,93.67931
2081b,11.36087
2081c,12.23613
2081d,18.94253
2081e,8.330192
2081f,6.350126
2081h,91.01133
2081i,86.00554
2081j,92.26812
2081k,7.698212
2081l,9.148283
2083a,9.509861
2083b,20.03135
2083c,70.13876
2083d,10.05171
2083e,3.98963
2083f,5.467635
2083g,12.03467
2083h,106.0679
2083i,16.57779
2083j,10.9996
2083k,15.01273
2083l,3.06567
2083m,13.26028
2083n,8.673804
2083o,2.53093
2083p,88.99526
2083q,18.82692
2083r,15.59569
2084a,9.555619
2084aa,2.110302
2084b,7.694172
2084bb,12.0543
2084c,10.20501
2084cc,9.702435
2084d,3.265697
2084dd,7.612455
2084e,8.304981
2084ee,86.3679
2084f,80.74861
2084ff,90.23734
2084g,84.60767
2084gg,10.59791
2084h,9.259114
2084hh,26.06249
2084i,9.189557
2084ii,6.871642
2084j,7.560175
2084jj,6.5995
2084k,11.9412
2084kk,17.33001
2084l,38.34521
2084ll,8.346539
2084m,3.441043
2084mm,4.478931
2084n,7.291413
2084nn,16.31222
2084o,11.28243
2084oo,6.850575
2084p,2.263711
2084pp,3.902482
2084q,17.14772
2084qq,2.92911
2084r,4.496317
2084rr,2.143962
2084s,84.84621
2084t,90.18867
2084u,13.20635
2084v,8.440616
2084w,7.834213
2084x,11.67016
2084y,31.23342
2084z,23.19208
2085a,92.28791
2085b,95.22831
2085c,19.36325
2085d,8.838748
2085e,62.55545
2085f,4.733464
2085g,26.91053
2085h,17.37634
2085i,1.566714
2085j,2.145365
2085k,2.287683
2085l,8.476565
2086a,93.19456
2086b,91.58308
2086c,34.84042
2086d,5.502354
2086e,7.416177
2086f,12.07352
2086h,27.79642
2086i,10.3288
2086j,88.0036
2086k,6.290065
2088a,96.49331
2088b,75.14417
2088c,11.6108
2088d,6.505552
2088e,8.453317
2088f,7.090651
2088g,13.28114
2088h,7.31937
2088i,13.30385
2088j,6.121088
2088k,2.971421
2088l,2.674157
2088m,2.20171
2088n,4.218774
2088o,5.021408
2088p,3.928303
2088q,7.383311
2088r,7.090395
2089a,5.434241
2089aa,7.973451
2089b,17.13056
2089bb,59.60859
2089c,16.821
2089cc,56.9181
2089d,9.251575
2089dd,4.941361
2089e,30.00162
2089ee,26.75425
2089f,3.959358
2089ff,4.69357
2089g,61.17894
2089gg,7.388159
2089h,41.99658
2089hh,14.77779
2089i,77.85881
2089j,4.932764
2089k,8.297298
2089l,1.569677
2089m,47.41438
2089n,60.79496
2089o,61.10996
2089p,63.68194
2089q,41.22501
2089r,53.87666
2089s,68.34205
2089t,63.2643
2089u,60.88552
2089v,2.978794
2089w,18.59774
2089x,72.25372
2089y,87.14328
2089z,52.59754
209,47.39692
2090,65.7725
2091,20.33182
2092,28.95167
2093,38.85939
2094,17.6161
2096,49.86697
2097,12.60509
2098,9.405972
2099,67.41493
210,16.90561
2100,66.80519
2102,70.03292
2103,49.0668
2104,12.88764
2105,10.26602
2106,16.34426
2107,13.11097
2108,19.37852
2109,19.39202
211,40.64539
2110,10.10734
2111,5.188944
2112,49.36415
2113,8.075095
2114,15.24828
2115,7.576784
2116,17.64352
2117,46.75572
2118,11.78474
2119,37.74447
2121,42.33742
2122,9.960218
2123,30.15751
2124,48.2208
2125,41.47792
2126,48.26887
2127,12.92467
2128,45.64334
2129,2.008761
213,7.492064
2130,41.95573
2131,39.35146
2132,57.96551
2134,48.73112
2135,48.42442
2136,49.86629
2137,51.45743
2138,49.70329
2140,50.77822
2141a,92.87283
2141aa,2.206928
2141b,8.185845
2141bb,8.768353
2141c,8.011468
2141cc,5.250506
2141d,6.622433
2141dd,2.039518
2141e,14.23794
2141ee,2.015974
2141f,2.551673
2141ff,9.123023
2141g,7.402598
2141gg,3.65841
2141h,4.521572
2141hh,2.694617
2141i,12.17249
2141ii,2.984342
2141j,91.35349
2141jj,3.024074
2141k,4.617875
2141l,5.435711
2141m,5.795114
2141n,15.5588
2141o,2.942914
2141p,3.300941
2141q,3.040888
2141r,14.05081
2141s,3.704652
2141t,18.09437
2141u,90.66623
2141v,6.893212
2141w,4.969192
2141x,5.096357
2141y,6.631756
2141z,16.66423
2142a,2.54996
2142aa,63.38721
2142b,3.870602
2142bb,59.81255
2142c,4.562477
2142cc,67.54403
2142d,64.43651
2142dd,73.84301
2142e,3.272866
2142ee,86.82523
2142f,11.9115
2142ff,61.58371
2142g,4.503406
2142gg,75.35977
2142h,75.03163
2142hh,52.89907
2142i,7.982967
2142ii,23.492
2142j,14.737
2142jj,61.05938
2142k,9.447357
2142kk,40.49841
2142l,71.04446
2142ll,4.103623
2142mm,34.92726
2142nn,55.47423
2142o,95.41932
2142oo,15.6982
2142p,3.770213
2142pp,24.93898
2142q,23.03112
2142r,8.532123
2142s,3.829465
2142t,5.220621
2142u,9.930188
2142v,3.225922
2142w,4.796449
2142x,4.327878
2142y,66.23869
2142z,54.58719
2145,41.75114
2146,42.33717
2147,36.49208
2148,31.26912
2149,12.77477
215,10.9179
2155,7.9379605
2156,38.82994
2157,21.44705
2158,29.2482
2159,40.18578
216,29.58698
2160,46.36143
2161,19.37228
2162,14.863555
2163,10.53184
2165,97.79274
2166,65.23321
2167,10.84935
2168,45.50344
2170,37.86086
2171,53.23533
2172,66.43275
2173,43.35873
2174,85.55572
2175,46.50955
2176,53.40969
2177,34.98516
2178,34.89832
2179,45.63699
2180,63.0173
2181,7.993609
2182,6.139289
2183,32.5943
2184,37.24508
2185,98.30916
2186,36.49789
2187,14.92358
2188,53.799495
2189,47.9295
219,54.68292
2190,27.45121
2191,41.80106
2192,49.5959
2193,49.7152
2194,64.18406
2195,31.66618
2196,3.688741
2197,38.64237
2198,59.75225
2199,61.81436
220,54.63677
2200,22.07112
2201,21.710729999999998
2202,12.86493
2203,92.342
2204,18.36195
2205,57.37966
2206,25.96427
2207,57.19125
2208,17.51343
2209,6.49713
221,32.3593
2210a,89.35069
2210b,28.14042
2210c,89.89422
2210d,2.098474
2210e,12.42959
2210f,24.63962
2210g,91.43837
2210h,88.87044
2210i,6.603392
2210j,1.159152
2210k,6.725261
2211a,63.17026
2211b,87.72051
2211c,10.85525
2211d,7.8248
2211e,92.86182
2211f,13.34585
2211g,89.89382
2211h,89.09657
2211i,17.98773
2211j,96.7252
2211k,96.19003
2211l,93.96129
2211m,88.69607
2211n,99.21525
2211o,97.27564
2211p,95.08791
2211q,109.2984
2212a,95.55128
2212b,18.13187
2212c,61.40437
2212d,64.30599
2212e,10.46928
2212f,97.87332
2212g,14.46643
2214,42.12618
2215,56.3496
2216,7.264707
2217,91.6986
2218,13.85535
2219,4.754717
222,8.915672
2220,63.64214
2221,51.90158
2222,14.7399
2223,44.22136
2224,48.072445
2226,29.95038
2227,97.5415
2228,7.05473
2229,41.98888
223,6.423763
2230,22.4907
2231,77.16856
2232,9.841212
2233,8.323247
2234,63.82578
2235,19.3145
2236,8.417068
2237,49.65135
2239,7.063393
224,58.73648
2240,63.43893
2241,19.23479
2242,92.74621
2243,93.60333
2244,11.73457
2245,58.63462
2246,54.80867
2247,19.17453
2248,19.60126
225,5.442207
2250,58.8479
2251,25.26117
2252,12.34762
2253,22.21613
2254,49.38561
2255,51.4556
2256,91.93804
2257,6.027742
2258,46.08651
2259,4.255471
226,7.330794
2260,66.60953
2262,41.27718
2263,8.974693
2265,5.767865
2266,13.61302
2267,40.65613
2268,41.45452
2269,16.00698
227,9.28993
2270,24.72247
2271,14.05934
2272,52.03616
2273,43.55861
2274,55.16305
2275,16.28697
2276,48.7057
2277,48.97808
2278,18.04651
2279,49.37279
228,13.28202
2280,41.8901
2281,40.60382
2282,37.6265
2283,46.09213
2284,33.10055
2285,30.7987
2286,38.67871
2287,21.54685
2288,24.09325
2289,55.94237
229,18.34358
2290,22.46813
2291,35.99902
2292,37.23513
2293,41.271025
2294,38.11626
2295,54.64534
2296,39.88319
2297,41.94097
2298,41.49944
2299,11.75583
230,8.137457
2300,14.24198
2301,8.862842
2302,10.17812
2303,53.02706
2304,44.01899
2305,61.87844
2306,13.59405
2307,41.76786
2308,42.57859
2309,45.10938
2310,50.46311
2313,20.40439
2314,14.21165
2315,10.09916
2316,49.9872
2317,10.12595
2319a,22.07747
2319aa,37.14621
2319b,9.764238
2319bb,6.358563
2319c,6.774642
2319cc,6.062119
2319d,104.397
2319dd,6.406754
2319e,15.48803
2319ee,6.508042
2319f,78.27903
2319g,13.86284
2319h,73.82577
2319i,71.83868
2319j,5.647775
2319k,7.3273410000000005
2319m,10.22608
2319n,2.00728
2319o,2.49279
2319p,2.164611
2319q,1.44691
2319r,1.988643
2319s,6.042171
2319t,5.912205
2319u,1.601784
2319v,23.2805
2319w,17.69866
2319x,6.060101
2319y,5.860172
2319z,6.50731
2321,12.83657
2322,54.62446
2323,2.439202
2324,58.38545
2325,6.348845
2326,14.9129
2327,57.8648
2328,61.66188
2329,7.342432
233,8.909486
2330,57.5685
2331,50.92893
2332,13.07184
2333,8.787619
2334,12.29922
2335,47.13417
2336,8.970129
2337,3.140066
2338,31.575
2339,12.07206
234,7.878208
2340,10.25039
2341,13.5393
2342,13.39262
2343,7.091824
2344,55.51891
2345,6.261503
2346,56.61297
2347,54.22527
2348,14.67797
2349,14.61765
235,12.32537
2350,15.7095
2351,15.78711
2352,65.53588
2353,51.35141
2354,11.32254
2355,42.79563
2356,8.553015
2357,14.06122
2358,49.31476
2359,44.80117
236,17.08609
2360,9.75133
2361,7.489682
2362,46.34928
2363,37.38551
2364,38.27998
2365,23.59177
2366,47.22684
2367,6.621255
2368,56.82043
2369,63.57539
2370,39.7429
2372a,92.81021
2372aa,1.328019
2372b,37.19789
2372bb,0.5448536
2372c,13.94623
2372cc,21.79682
2372d,15.08396
2372dd,4.150431
2372e,11.88178
2372ee,96.3692
2372f,8.683813
2372ff,9.607571
2372g,13.47264
2372gg,4.748654
2372h,90.33725
2372hh,10.16158
2372i,9.269516
2372ii,15.92051
2372j,89.29983
2372jj,13.53013
2372k,17.15244
2372kk,12.77047
2372l,93.43758
2372ll,95.33479
2372m,8.380702
2372mm,8.38002
2372n,11.22483
2372nn,6.760044
2372o,16.57141
2372oo,5.645617
2372p,7.322628
2372pp,5.925237
2372q,8.652378
2372r,16.06202
2372s,2.263694
2372t,11.00936
2372u,2.753122
2372v,19.73707
2372w,8.496687
2372x,9.11272
2372y,6.526343
2372z,6.733332
2373,58.49559
2374,9.830431
2375,5.423352
2376,53.71182
2377,58.76474
2378,57.18854
2379,61.28772
238,8.064465
2380,60.99196
2381,6.696295
2382,12.29732
2383,48.3391
2384,62.86543
2385,67.95568
2386,67.92951
2387,14.24286
2388,45.55872
2389,13.31823
239,7.817484
2390,3.372065
2391,3.567117
2392a,97.48714
2392b,22.38153
2392c,4.867309
2392d,11.19462
2392e,11.55283
2392f,7.44061
2392g,19.91087
2393,60.46146
2394,5.092331
2397,2.830094
2398,49.98242
24,3.115786
240,8.795415
2400,93.00407
2401,94.54911
2402,24.18159
2403,86.17751
2404,21.66014
2405,59.00444
2406,96.60139
2407,51.7598
2408,51.5795
2409,51.31009
241,43.53888
2410,56.35086
2411,63.17681
2413,54.52757
2414,9.141457
2415,12.03333
2416,6.385907
2417,11.25767
2418,40.38237
2419,26.21519
242,46.83483
2420,60.2202
2421,83.89568
2423,14.28208
2424,46.82381
2425,59.27503
2426,54.58343
2427,20.32779
2428,18.71329
2429,16.42786
243,44.39793
2430,15.68964
2431,17.73117
2432,6.648071
2433,96.74148
2434,96.01737
2435,8.237636
2436,9.498179
2437,9.612411
2438,16.0457
2439,19.13076
244,7.092756
2440,28.47881
2441,97.56071
2442,97.05325
2443,5.095484
2444,3.63895
2445,3.367793
2446,8.612946
2447,27.62554
2448,2.220044
2449,6.916287
245,57.04473
2450,5.697239
2451,6.26101
2453,15.17816
2454,15.11115
2455,8.241135
2456,14.13902
2457,9.125059499999999
2458,13.06433
2459,12.41973
2461,39.89366
2462,37.60746
2464,45.38453
2465a,85.76887
2465b,87.73376
2465c,31.07487
2465d,4.979146
2465e,4.429809
2466a,9.661043
2466b,33.18128
2466c,91.18783
2466d,88.55906
2466e,7.744263
2466f,44.93546
2466g,9.198794
2466h,9.797197
2466i,50.46482
2466j,8.355804
2469,43.13126
2470,45.40649
2471,42.62664
2472,25.41654
2473,10.08743
2474,8.705008
2475,3.276078
2476,62.06028
2477,58.04623
2478,11.86312
2479,8.810175
2480,37.50797
2481,7.356713
2482,11.27082
2483,50.11518
2484,4.474909
2485,4.041983
2486,45.84192
2487,18.71492
2488,18.18782
249,12.74122
2490,6.179997
2491,4.903565
2492,4.738008
2493,4.425506
2494,7.233856
2495,56.25462
2496,28.03667
2497,95.67742
2499,97.09641
25,13.19685
250,6.372365
2500,54.58559
2501,48.11478
2502,13.22948
2503,8.172924
2504,8.932983
2505,4.903626
2506,9.888012
2507,20.10746
2508,35.78387
2509,5.707096
251,5.461464
2510,92.74581
2511,47.25587
2512,87.14527
2516,8.531321
2517,44.77188
2518,60.98386
2519,30.26643
252,15.48613
2520,56.90039
2521,3.388839
2522,51.24268
2523,1.876086
2524,95.85178
2525,11.40162
2526,93.24162
2527,29.8766
2528,58.7748
2529,98.50522
253,56.69354
2530,30.25198
2531,16.36194
2532,98.48331
2533,30.32792
2534,95.68193
2535,18.64559
2536,58.02824
2538,21.85101
2539,94.87315
254,83.54221
2540,19.84594
2541,24.92569
2542,48.85098
2544,60.19324
2545,58.18581
2546a,14.00188
2546b,3.207139
2546c,63.6395
2546d,52.95687
2546e,2.146564
2546f,92.49055
2546g,93.54806
2546h,11.6888
2546i,21.66726
2547,24.20571
2548,25.47129
2549,53.37567
255,15.23666
2550,49.96742
2551,51.71198
2552,6.017799
2553,4.738622
2554,36.83594
2555,29.17155
2556,29.45516
2557,41.09364
2559,24.52456
256,9.564295
2560,22.17273
2561,38.47532
2562,95.97785
2563a,83.92906
2563b,16.50584
2563c,55.45523
2563d,7.633663
2563e,7.674005
2563f,60.35026
2563g,45.67696
2563h,5.30662
2563i,2.826332
2564,47.93288
2565,43.99539
2566,8.180147
2567,64.77899
2568,57.12437
2569,96.76939
257,14.9113
2571,2.296231
2572,12.91692
2573,1.45042
2574,7.017037
2575,2.662932
2576,28.2782
2577,4.190932
2578,4.909606
2579,5.824635
258,71.67232
2580,8.598482
2581,5.693629
2582,5.128572
2583,40.52211
2584,44.38346
2586,52.44001
2587,54.85012
2588,22.13896
2589,19.15142
259,6.538911
2592,34.7116
2593,51.0666
2594,49.1108
2595,9.73452
2596,63.05946
2597,11.99076
2598,12.51256
2599,48.58206
26,9.326822
260,6.66465
2602,42.68002
2603,36.21214
2604,44.54963
2605,8.191276
2606,68.03227
2607,22.16884
2608,43.24895
2609a,89.61717
2609b,91.29147
2609c,13.83425
2609d,17.94842
2609e,2.23629
2609f,2.870157
2609g,21.99147
2609h,16.61725
2609i,18.0727
2609j,13.94848
2609k,9.360171
2609l,93.9834
2609m,91.30181
2609n,13.30289
2609o,16.73289
2609p,3.156716
2609q,23.5757
2609r,16.79469
2609s,15.20881
2609t,20.3422
2609u,11.72153
2609v,93.43536
2609w,91.85098
2609x,91.81337
261,57.6322
2610,7.261479
2611,97.09877
2612,97.45729
2613,46.44433
2614,47.49671
2615,56.28358
2616,54.80096
2617,57.32767
2618,61.42547
2619,50.07497
262,58.89677
2620,11.29513
2621,8.71424
2622,62.70667
2623,55.09965
2624,98.29392
2625,36.75202
2626,45.53329
2627,59.11737
2628,25.65712
263,50.43502
2632,5.013691
2634,25.04198
2635,2.837552
2636,18.26888
2638,5.525485
2639a,20.23373
2639b,23.51939
2639c,5.127226
2639d,93.71292
2639e,10.20674
2639f,7.695055
2639g,8.463373
264,50.44669
2640a,94.36292
2640b,94.52934
2640c,27.42849
2640d,96.74651
2640e,24.01088
2640f,7.965243
2640g,2.219763
2640h,7.372108
2640i,21.43878
2640j,96.65549
2640k,5.431553
2640l,5.483772
2640m,22.83271
2640n,3.638098
2640o,4.07541
2640p,4.835423
2640q,0.6436734
2640r,6.304863
2640s,0.9290354
2640t,0.8964335
2641a,61.56622
2641b,13.49411
2641c,2.948771
2641d,1.788427
2641e,5.131575
2641f,62.67984
2641g,7.044947
2641h,2.163202
2641i,1.953448
2641j,6.969812
2641k,5.119146
2641l,1.802448
2641m,6.230027
2641n,15.12994
2642,50.49716
2643a,8.104171
2643b,6.430984
2643c,6.99394
2643d,12.30887
2643e,12.01308
2643f,106.6959
2643g,9.146252
2643h,8.492247
2643i,10.93342
2643j,11.42204
2643k,10.70128
2643l,6.619104
2643m,5.570184
2643n,9.849206
2643o,10.87378
2643p,18.23614
2643q,99.40546
2643r,11.04545
2643s,18.25072
2643t,3.946707
2643u,94.76612
2643v,95.43088
2643w,96.89094
2643x,12.33665
2643y,14.27421
2643z,4.756543
2644,11.5408
2645,8.303635
2646,9.242473
2647a,40.70271
2647b,6.02317
2647c,8.54279
2647d,16.37658
2647e,50.41678
2647f,1.113323
2647g,55.28671
2647h,2.418396
2647i,16.21805
2647j,80.41364
2647k,24.74035
2647l,2.078328
2647m,92.37415
2647n,2.836904
2647o,22.68251
265,64.25979
266,60.52053
267,31.97096
268,31.69058
269,42.34159
27,11.37893
270,46.7808
271,37.43808
272,71.44567
274,13.38168
2748,10.33745
2749,42.95135
275,94.79604
2750,39.92907
2752,54.39267
2758,50.20127
2759,54.00798
276,21.32103
2760,48.81786
2761,3.714479
2762,9.619013
2763,60.3221
2764,38.4332
2765,35.75107
2766,38.54755
2767,55.34328
2768,71.82122
2769,62.94662
277,72.2717
2771,31.23185
2772,3.386234
2773,57.37072
2774,3.673014
2775,3.651901
2776,10.45817
2777,43.52903
278,62.86361
2780,15.63507
2781,51.09399
2782,50.38872
279,21.5833
28,10.9168
280,97.39343
281,60.55758
282,43.0643
283,5.693228
284a,13.84234
284aa,86.92589
284b,30.73421
284bb,21.46205
284c,2.089268
284cc,1.920326
284d,90.42774
284dd,10.40181
284e,8.444218
284ee,5.063456
284f,6.722017
284ff,7.110262
284g,19.95736
284h,3.459448
284i,10.95852
284j,13.35728
284k,90.42677
284l,92.20837
284m,7.760905
284n,5.25589
284o,21.59832
284p,4.214705
284q,5.46055
284r,11.21435
284s,23.21087
284t,3.314218
284u,9.29685
284v,93.29305
284w,14.24036
284x,9.605315
284y,24.98453
284z,7.062355
285a,82.73895
285b,14.53597
285c,6.942893
285d,10.01955
285e,90.01808
285f,10.66567
285g,10.5733
285h,95.50881
285i,6.106858
285j,14.51901
285k,5.617313
285l,7.04441
285m,6.082408
285n,15.02704
285o,12.10307
285p,6.198375
285q,6.426444
285r,3.323191
285s,92.23821
285t,4.246155
286a,90.84868
286b,14.1311
286c,7.942731
286d,89.92467
286e,7.847837
286f,11.10069
286g,14.29751
286h,8.194178
286i,12.99839
286j,10.84974
286k,8.880505
286l,16.18887
286m,11.94605
286n,8.529847
286o,8.306873
286p,9.219304
286q,9.585283
286r,12.5168
286s,2.133633
286t,90.26189
286u,10.59022
286v,89.72061
286w,9.151286
286x,9.246094
286y,8.269439
286z,4.351655
287a,87.52647
287b,54.27736
287c,9.136301
287d,96.06456
287e,13.55556
287f,62.28542
287g,38.20264
287h,23.61044
2880,9.162844
2882,54.35157
2883,49.40694
2884,52.87992
2885,49.73167
2886,51.09795
2888,10.0523
2889,7.813867
288a,1.934011
288b,1.526854
288c,84.06809
288d,7.37752
289a,78.88058
289b,12.21729
289c,1.979697
289d,2.4059
289e,4.523332
289f,83.02204
289g,87.96735
289h,7.57755
2900,7.558302
2901,7.974016
2903,3.369089
2904,61.24923
2905,50.89915
2906,45.77866
2907,96.23662
2908,57.32061
2909,57.29018
290a,92.75397
290b,12.43273
290c,43.9499
290d,97.65299
290e,14.62878
290f,37.97229
290g,27.07001
290h,69.19444
290i,14.76935
290j,46.43419
2910,49.08958
2911,15.50998
2913,55.89238
2917,59.76253
2918,24.3624
2919,48.882
2920,7.254464
2921,7.857562
2922,4.434297
2923,5.933644
2924,51.34409
2925,62.34252
2926,62.77517
2927,58.38794
2928,49.92448
2929,9.099487
292a,27.3093
292b,73.4715
292c,9.866615
292d,77.32560000000001
292e,9.476688
292f,39.10059
292g,8.976112
292h,8.359018
292i,58.36654
292j,8.69298
2930,41.88739
2931,9.208481
2932,7.278366
2934,4.639133
2935,2.881758
2936,5.945122
294,12.64109
2940,56.84357
2942,56.36914
2943,56.11492
2944,55.22029
2945,4.332456
2946,4.120711
2947,43.51898
2948,9.489435
2949,51.79986
294a,9.138933
294b,11.52462
294c,2.476583
294d,13.63473
294e,59.78491
294f,13.45628
294h,1.223023
294i,35.76865
294j,11.46533
294k,12.34432
294l,12.79811
294m,3.62628
294n,10.92262
294o,3.858348
294p,7.108127
294q,1.315527
294r,1.014291
294s,11.15513
294t,4.765815
294u,14.16596
2950,49.82737
2951,55.58834
2952,6.830913
2954,65.52096
2955,58.30991
2956,59.42453
2957,48.87456
2958,53.19116
2959,37.43829
295a,107.449
295b,12.01292
295c,10.70512
295d,14.13453
295e,35.94564
295f,24.14709
295g,4.164184
295h,8.450693
295i,3.703848
295j,5.533071
295k,23.08728
2960,39.71177
2961,53.80375
2962,43.02586
2963,46.08228
2964,8.743887
2965,7.274995
2966,54.31298
2968a,9.919254
2968aa,11.90727
2968b,9.474728
2968bb,38.12277
2968c,6.700058
2968cc,8.778341
2968d,4.912612
2968dd,9.116159
2968e,10.94773
2968ee,2.256659
2968f,23.58367
2968ff,96.45248
2968g,7.707417
2968gg,93.31197
2968h,11.7245
2968hh,13.23621
2968i,90.90921
2968ii,14.42091
2968j,96.61518
2968jj,9.109962
2968k,7.920379
2968kk,10.73456
2968l,6.757383
2968ll,4.347746
2968m,30.71539
2968mm,2.977517
2968n,26.17053
2968nn,2.97457
2968o,4.811057
2968oo,2.529486
2968p,1.762713
2968q,6.555274
2968r,23.25734
2968s,2.815722
2968t,2.576426
2968u,93.65797
2968v,94.07703
2968vv,10.5627
2968w,7.46688
2968ww,20.90433
2968x,3.031599
2968xx,17.16207
2968y,6.328941
2968z,3.801192
296a,94.39486
296b,13.83878
296c,17.59895
296d,19.51599
296e,25.08341
296f,22.7997
296g,3.760392
296h,9.042575
296i,4.188068
296j,6.968605
296k,24.30967
2970,39.79392
2971,14.40616
2972,3.191018
2973,6.980713
2974,64.61189
2975,54.25286
2976,21.61784
2977,15.59639
2978,10.29642
2979,10.34421
297a,95.02373
297b,12.54915
297c,15.80211
297d,16.01245
297e,40.26569
297f,34.09638
297g,20.54636
297h,7.994361
297i,3.544557
297j,5.873181
297k,28.15861
2980,11.66772
2981,53.02633
2982,6.834594
2983,3.088413
2984,63.16965
2985,47.70144
2986,13.20901
2987,58.81387
2988,3.880071
298a,86.71981
298b,11.93811
298c,14.97062
298d,16.28084
298e,51.18484
298f,34.04139
298g,3.6071
298h,8.922911
298i,5.725029
298j,7.267839
298k,14.85823
2992,8.985166
2993,61.75888
2994,43.70531
2995,44.61805
2996,46.17202
2997,47.72283
2998,68.91354
2999,6.13852
3000,3.509825
3001,9.07771
3002,41.63075
3003,31.80919
3004,12.18027
3005,9.533526
3006,10.27312
3008,6.493748
3011,9.645341
3013,42.70921
3014,34.88336
3015,19.45496
3016,55.06157
3017,3.852118
3018,11.57488
3019,96.74866
301a,12.99401
301b,20.27139
301c,93.11406
301d,17.29359
301e,34.40528
301f,21.93652
301g,10.84141
301h,12.40857
301i,6.2766
301j,7.398799
301k,15.50306
3021,25.1567
3022,96.38081
3023,95.42967
3024,26.80418
3025,61.25904
3029,30.41705
302a,11.76481
302b,6.949397
302c,25.82225
302d,6.056964
302e,10.12776
302f,9.472538
302g,17.12648
302h,6.928555
302i,5.371958
302j,81.40318
302k,9.467641
302l,6.622545
302m,4.871302
3030,2.749599
3031,29.3285
3032,64.3529
3033,81.5669
3034,36.7376
3035,67.94105
3036,8.441125
3037,8.489982
3038,8.529209
3039,55.10121
3042,8.6297
3043,5.945562
3044,56.0264
3045,48.66922
3046,43.23109
3047,6.596063
3048,67.94389
3049,3.200985
304a,91.37915
304b,13.7608
304c,22.94349
304d,21.33165
304e,50.84559
304f,47.68263
304g,3.093192
304h,8.34408
304i,5.078529
304j,8.584442
304k,22.06868
3050,12.96508
3052,8.067965
3053,46.96521
3054,37.70693
3055,6.783048
3056,56.55459
3057,6.133024
3058,17.63745
3059,28.87954
305a,87.42349
305b,10.39235
305c,15.15489
305d,17.20291
305e,43.56895
305f,38.91623
305g,2.919447
305h,13.70285
305i,4.73297
305j,6.909017
305k,24.23573
3060,91.76651
3061,7.585281
3062,48.89793
3063,6.643959
3064,96.15963
3066,93.90627
3067,10.48261
3069,6.062385
307,44.85334
3070,54.0461
3071,55.64292
3072,54.36674
3073,53.08218
3074,62.37394
3075,64.14474
3076,47.1661
3077,21.00105
3078,9.355722
3079,24.61667
308,46.82587
3082,95.938
3083,2.683519
3084,28.31894
3085,27.30888
3086,2.670251
3087,19.98217
3088,2.457107
3089,64.84735
309,47.394
3090,58.49361
3091,66.14202
3092,39.90264
3094,9.060635
3095,6.745375
3096,9.499241
3097,19.05988
3098,25.43828
3099,57.15056
31,47.10766
310,49.83122
3100,55.67318
3101,51.05005
3103,62.73408
3104,44.64644
3105,40.19268
3106,53.98232
3107,53.87041
3108,55.56404
311,48.26347
3110,55.12809
3111,52.51078
3112,13.13586
3113,55.42523
3114,11.69307
3115,11.03663
3116,7.425248
3117,11.7064
3118,13.89543
3119,6.298713
312,34.29814
3120,52.16594
3121,59.45591
3122,79.74448
3123,44.94912
3124,6.813636
3125,52.08229
3126,51.2998
3127,10.27148
3128,90.11832
3129,64.1911
313,23.76292
3130,95.66074
3131,56.36515
3132,15.56721
3133,37.58678
3134,11.12035
3135,47.13747
3136,8.533117
3138,32.23736
3139,36.32867
314,53.8634
3140,10.87861
3141,54.84266
3142,61.42417
3143,62.626
3144,3.583504
3145,3.664106
3146,7.264307
3147,7.833632
3148,46.73913
3149,24.88424
315,63.06702
3150,6.420009
3152,4.185447
3153,52.90257
3154,53.91941
3155,4.05274
3156,5.79806
3157,96.18922
3158,49.47175
3159,50.89323
316,65.86396
3160,46.81393
3161,6.290534
3162,15.70428
3163,22.39674
3164,53.96046
3165,8.762911
3166,16.85177
3167,3.632373
3168,4.946647
3169,11.54362
317,60.63113
3170,2.682723
3171,26.30356
3172,17.33678
3174,64.90279
3176,62.92005
3178,27.42008
3179,52.46214
3183,63.6011
3184,68.1656
3185,12.5961
3186,67.52164
3187,46.7523
3188,2.91631
3189a,8.284793
3189b,2.13911
3189c,61.85499
3189d,12.58087
3189e,87.96798
3189f,10.40618
3189g,9.84967
3189h,5.994283
3189i,4.886607
3189j,5.038383
3189k,4.489084
3189l,4.924375
3191a,16.97762
3191b,3.321538
3191c,2.480714
3191d,2.968448
3191e,84.28361
3191f,1.545585
3191g,4.281571
3191h,3.671244
3191i,4.757273
3191j,1.641579
3192a,112.5924
3192b,89.6212
3192c,2.083887
3192d,1.775196
3192e,12.16374
3192f,2.46778
3192g,4.938957
3192h,6.407581
3192i,3.302538
3192j,8.872871
3193a,96.34894
3193b,3.436927
3193c,9.702845
3193d,26.32803
3193e,95.09576
3193f,2.829772
3193g,7.343783
3193h,16.50923
3193i,26.43465
3193j,93.13467
3193k,93.37831
3193l,6.030993
3193m,96.57882
3193n,7.548283
3193o,20.21042
3193p,8.577005
3193q,6.243968
3193r,12.27886
3193s,2.818757
3193t,10.51009
3193u,95.17465
3193v,107.4728
3193w,6.376058
3193x,93.87807
3194,10.46095
3195a,91.90472
3195b,11.8429
3195c,16.6649
3195d,17.50443
3195e,49.83732
3195f,39.24115
3195g,2.504715
3195h,14.97108
3195i,4.760237
3195j,7.552709
3195k,21.2644
3196a,77.26936
3196b,14.01614
3196c,11.81079
3196d,9.599155
3196e,20.20816
3196f,6.704366
3196g,17.87794
3196h,96.74984
3196i,86.28964
3196j,79.74222
3196k,1.242886
3196l,4.921299
3196m,15.59857
3197a,6.95397
3197b,9.910214
3197c,8.351827
3197d,9.744774
3197e,9.52184
3197f,95.25275
3197g,7.910838
3197h,7.519039
3197i,11.45243
3197j,5.436513
3197k,5.904433
3197l,7.758457
3197m,11.13352
3197n,18.5411
3197o,97.41051
3197p,10.90964
3197q,18.08892
3197r,3.857513
3197s,94.40409
3197t,94.21122
3197u,12.13847
3197v,14.92583
3198a,15.16919
3198aa,5.691924
3198b,10.29574
3198bb,5.286409
3198c,8.99556
3198cc,10.20572
3198d,92.384
3198dd,14.2016
3198e,17.90927
3198ee,96.95103
3198f,8.916653
3198ff,13.30459
3198g,94.04681
3198gg,28.03471
3198h,19.42908
3198hh,8.550591
3198i,93.61156
3198ii,14.18225
3198j,7.498862
3198jj,12.63009
3198k,11.97156
3198kk,12.82387
3198l,14.87503
3198ll,94.98886
3198m,7.157271
3198mm,9.533408
3198n,36.97043
3198nn,14.01001
3198o,12.45724
3198oo,4.380275
3198p,2.714976
3198pp,4.739798
3198q,15.69724
3198qq,6.630532
3198r,16.03798
3198s,10.97858
3198t,8.440358
3198u,5.711906
3198v,1.557129
3198w,12.50764
3198x,5.290233
3198y,13.43703
3198z,92.59486
3199a,11.84834
3199aa,15.58384
3199b,15.66394
3199bb,9.863672
3199c,22.18322
3199cc,21.55288
3199d,11.09882
3199dd,8.637156
3199e,95.49107
3199ee,29.12985
3199f,93.99974
3199ff,13.4181
3199g,10.76599
3199gg,15.40971
3199h,94.37292
3199hh,17.94274
3199i,22.82603
3199ii,17.39855
3199j,16.32529
3199jj,12.94866
3199k,34.07578
3199kk,13.69966
3199l,20.19622
3199ll,3.357662
3199m,11.07178
3199mm,49.27612
3199n,7.204964
3199nn,16.62726
3199o,12.78016
3199oo,20.08454
3199p,29.54183
3199pp,4.753359
3199q,15.25089
3199qq,37.29144
3199r,96.98325
3199rr,92.6388
3199s,3.981983
3199t,89.71561
3199u,20.80171
3199v,27.78305
3199w,17.27511
3199x,17.14841
3199y,8.119045
3199z,13.47302
32,51.06926
320,47.19584
3201a,41.39886
3201b,10.44485
3201c,57.24401
3201d,10.03794
3201e,4.301807
3201f,2.688453
3201g,13.04234
3201h,18.14933
3201i,74.94857
3201j,2.419379
3201k,11.09079
3201n,62.40568
3201o,4.53229
3201p,1.852201
3201q,3.946197
3202a,9.182713
3202b,11.32249
3202c,2.399684
3202d,12.92562
3202e,96.58722
3202f,11.87339
3202g,1.442415
3202h,36.6541
3202i,10.91772
3202j,8.80166
3202k,3.470623
3202l,12.30017
3202m,11.35773
3202n,4.703244
3202o,6.439352
3202p,1.049132
3202q,0.8278747
3202r,14.44746
3202s,5.641484
3202t,14.78472
3203,3.235639
3204,31.75352
3205,2.374875
3206,29.34672
3207,3.889048
3208,3.628589
3209,9.522259
321,6.608705
3210,42.98726
3211,43.82682
3212,43.02861
3213a,9.821708
3213aa,2.675002
3213b,5.976813
3213bb,14.11361
3213c,9.526361
3213cc,10.32115
3213d,2.885516
3213dd,9.490847
3213e,7.548218
3213ee,90.28158
3213f,78.6016
3213ff,91.46986
3213g,90.2409
3213gg,10.48363
3213h,8.21074
3213hh,25.85144
3213i,9.569244
3213ii,6.02543
3213j,7.52867
3213jj,6.517244
3213k,11.05706
3213kk,17.05504
3213l,34.88399
3213ll,8.798973
3213m,3.608735
3213mm,4.627739
3213n,6.881993
3213nn,13.65551
3213o,11.15747
3213oo,6.603448
3213p,2.111602
3213pp,2.833338
3213q,16.06564
3213qq,2.487908
3213r,4.918538
3213rr,2.065846
3213s,87.13833
3213t,86.16203
3213u,16.77395
3213v,7.386575
3213w,7.306937
3213x,13.21354
3213y,32.10412
3213z,23.53548
3214a,34.48568
3214b,12.5306
3214c,7.980538
3214d,24.93183
3214e,19.34092
3214f,1.474028
3214ff,5.507385
3214g,6.556402
3214gg,3.061141
3214h,88.74738
3214hh,4.257208
3214i,9.973689
3214j,10.00595
3214k,93.32526
3214l,10.51775
3214m,7.176974
3214n,26.22223
3214o,5.456112
3214p,10.76512
3214q,93.55978
3214r,93.87896
3214s,11.0712
3214t,8.539869
3214u,5.775925
3214v,9.897809
3214w,5.151962
3214x,3.053096
3215a,11.12984
3215b,7.556266
3215c,13.77161
3215d,15.60266
3215e,90.59296
3215f,14.91087
3215g,16.05374
3215h,25.08183
3215i,15.40809
3215j,25.40185
3215k,88.04472
3215l,12.58494
3215m,10.25188
3215n,16.67312
3215o,88.39484
3215p,12.74092
3215q,11.83468
3215r,18.05947
3216,2.786115
3217,70.01795
322,49.42757
325,41.76656
326,42.92509
328,44.37212
329,62.56944
33,46.06753
330,19.89223
331,91.4953
332,28.66324
333,34.91683
334,48.36701
335,15.66218
336,2.605844
337,4.393795
338,52.47462
339,61.57392
34,57.53603
340,5.690165
341,18.71732
342,49.78922
343,38.18722
345,45.13604
346,55.78199
347,106.2836
348,32.53443
351,97.60693
353,3.828587
354,51.8835
355,7.434139
356,7.879417
357,12.95389
358,13.72501
359,49.67925
36,48.73885
360,57.64202
361,62.45665
362,21.26787
363,11.2197
364,15.50462
365,7.489389
366,35.43012
368,58.61928
369,36.27197
37,3.58303
370,11.65343
371,58.54618
372,26.48812
373,36.13976
374,35.9255
375,35.22884
376,36.08908
377,94.65349
378,13.05953
379,12.6686
38,6.689676
39,64.02593
390,6.711357
391,10.10865
393,51.48407
394,24.60028
395,55.38463
396,8.329969
397,42.12577
398,65.71535
399,5.259085
4,17.59972
40,6.333434
400,5.051249
401,9.549516
402,4.628928
41,65.94223
4113,56.37216
4114,28.88829
4115,68.53743
4116,90.77151
4117,51.4193
4118,10.50311
4119,81.0551
4120,45.51792
4121,54.53637
4122,93.05895
4123,77.11135
4124,77.23412
4125,63.8046
4126,50.06499
4127,22.25227
4128,52.74983
4129,50.84482
4130,44.36871
4131,51.32534
4132,50.35435
4133,55.87486
4134,55.91306
4135,64.28549
4136,56.89752
4137,46.17738
4139,53.6193
4140,49.51248
4141,2.516915
4142,9.447888
4143a,3.159756
4143b,3.684294
4143c,12.26989
4143d,52.48152
4143e,3.350335
4143f,9.384628
4143g,47.75375
4143h,6.346346
4143i,3.422427
4143j,11.06941
4143k,9.791904
4143l,5.359921
4143m,5.859277
4143n,3.004045
4143o,8.870041
4143p,7.279425
4143q,8.243973
4143r,49.57864
4143s,5.60004
4143t,5.782297
4143u,52.94806
4143v,12.61107
4143w,58.8888
4143x,4.577999
4143y,13.83257
4143z,6.350501
4144,59.68782
4145,62.02952
4146,49.27309
4147,9.141193
4148,10.38725
4149,60.13434
4150,56.19064
4151,68.873
4152,8.130467
4153,23.47272
4154,92.29942
4155,97.46183
4156,14.44885
4157,53.18453
4158,39.08674
4159,45.67894
4160,44.547250000000005
4161,57.28101
4162,60.90884
4163,54.54521
4164,8.854043
4165,24.54498
4166,10.36193
4167,9.529035
4168,4.481532
4169,9.135672
4170,50.30527
4171,6.498522
4172,5.594771
4173,55.26217
4174,54.95986
4175,39.80649
4176,55.8108
4177,61.75349
4178,56.42422500000001
4179,65.68642
4180,61.99006
4181,9.674416
4182,8.663295
4183,12.42863
4185,9.369282
4186,56.53451
4187,7.1879349999999995
4188,8.502172
4189,2.956184
4190,3.431292
4191,24.08705
4192,66.05243
4194,51.52464
4195,15.00636
4196,7.227902
4197,80.86058
4198,49.6715
4199,66.56853
42,61.37874
4200,62.92181
4201,7.717315
4202,15.33504
4203,47.30643
4204,51.5279
4205,55.75985
4206,54.12413
4207,51.53581
4208,15.63422
4209,60.16569
4210,99.15513
4211,4.552642
4213,23.78017
4214,3.110573
4215,2.917528
4216,2.963124
4217,2.904824
4218,3.223007
4219,3.246875
4220,3.363096
4221,2.966137
4222,3.358691
4223,3.050832
4224,46.56449
4225,94.28471
4226,94.82462
4227,9.204255
4228,42.9546
4230,65.715
4231,25.719845
4232,53.62787
4233,93.98898
4234,38.03706
4235,9.723715
4237,3.130178
4238,4.342923
4239,4.632679
4240,59.77264
4241,67.34557
4243,71.76891
4244,71.66392
4245,7.562169
4246,7.352781
4247,3.165316
4248,3.225666
4249,3.446884
4252,3.286759
4254,44.96108
4255,3.261507
4256,2.84573
4257,51.96454
4258,56.29181
4259,92.94867
4260,40.07014
4261,41.36477
4262,55.04009
4263,57.25568
4264,56.43761
4265,54.90139
4266,55.44238
4267,57.49909
4268,53.725
4269,41.84637
4270,46.58213
4271,55.13023
4272,35.05061
4273,45.71843
4274,69.51794
4275,14.67502
4276,7.961965
4277,36.30552
4278,41.74956
4279,58.45471
4280,59.15384
4281,52.69904
4282,28.36069
4284,62.92211
4285,60.04859
4286,60.51251
4287,60.46051
4288,60.55729
4290,63.62652
4291,49.50881
4292,56.16596
4293,60.42425
4294,55.81424
4295,9.607879
4296,50.7771
4297,41.02713
4298,38.98709
4299,10.13872
4300,2.886418
4301,2.782849
4302,93.28194
4303,38.11951
4304,97.68596
4305,36.13036
4306,93.72957
4307,62.11337
4308,35.17798
4780,7.475142
4781a,89.82888
4781b,13.37016
4781c,7.669432
4781d,13.93126
4781e,93.83838
4781f,9.184091500000001
4781g,11.98648
4781h,94.37189
4781i,57.73022
4781j,9.139282
4781k,14.44579
4781l,13.45134
4781m,8.241521
4781n,9.235386
4781o,14.05504
4781p,10.78254
4781q,2.982813
4781r,6.709471
4781s,8.685522
4782a,1.934805
4782b,2.93795
4782c,2.544912
4782d,2.027924
4782e,5.05676
4782f,8.223992
4782g,15.40281
4782h,2.014542
4782i,2.160222
4782j,4.795222
4782k,78.68896
4782l,95.41644
4782m,61.520905
4782n,49.5248
4782o,25.40387
4782p,5.763491
4782q,7.85581
4782r,2.509101
4782s,1.89448
4782t,4.268314
4784a,56.09883
4784aa,4.666083
4784b,20.78145
4784bb,11.67174
4784c,12.54867
4784cc,15.18171
4784d,18.62094
4784dd,5.230801
4784e,43.39979
4784ee,12.36666
4784f,3.703219
4784ff,17.931
4784g,9.752481
4784gg,57.28653
4784h,4.355835
4784hh,15.18917
4784i,15.60521
4784j,21.91798
4784k,7.832041
4784l,2.602176
4784m,2.399715
4784n,4.70576
4784o,17.16341
4784p,7.086977
4784q,10.85026
4784r,4.164923
4784s,57.95711
4784t,2.351655
4784u,10.30156
4784v,11.77432
4784w,3.048524
4784x,51.64592
4784y,3.246283
4784z,54.91142
4785a,3.885192
4785b,3.815124
4785c,2.437115
4785d,3.627928
4785e,12.81142
4785f,1.930717
4785g,9.148083
4785h,2.029743
4785i,2.136879
4785j,82.36162
4785k,2.317512
4785l,36.06377
4786a,99.02045
4786aa,96.23902
4786b,97.99088
4786bb,0.1855528
4786c,96.95093
4786d,1.985064
4786e,7.48067
4786f,91.63601
4786g,2.154111
4786h,10.03015
4786i,1.181426
4786j,8.862077
4786k,92.77212
4786l,92.94171
4786m,7.504576
4786n,12.82463
4786o,12.23071
4786p,91.63288
4786q,12.71381
4786r,2.509713
4786s,8.10164
4786t,2.021636
4786u,1.199593
4786v,13.77263
4786w,4.73953
4786x,8.343374
4786y,96.78999
4786z,2.282009
4787a,85.65562
4787b,84.86736
4787c,14.83096
4787d,5.13296
4787e,1.670285
4787f,11.56393
4787g,5.897856
4787h,86.69632
4787i,9.625287
4787j,85.39824
4787k,9.809803
4787l,7.558922
4787m,1.412498
4787n,89.17504
4787o,8.368679
4787p,9.794352
4787q,6.297936
4787r,8.27726
4787s,5.486094
4787t,1.912412
4787u,13.08798
4787v,3.035247
4787w,9.6195
4788a,10.09076
4788aa,11.9015
4788b,9.018969
4788bb,37.76021
4788c,6.759247
4788cc,8.839422
4788d,4.963305
4788dd,8.887769
4788e,10.85546
4788ee,2.503581
4788f,24.77141
4788ff,12.85169
4788g,7.568384
4788gg,14.88
4788h,12.08517
4788hh,96.12094
4788i,93.31377
4788ii,99.89814
4788j,94.74239
4788jj,9.008837
4788k,8.331805
4788kk,9.840544
4788l,7.215583
4788ll,4.855624
4788m,30.7136
4788mm,2.182312
4788n,24.3257
4788nn,2.771716
4788o,5.847078
4788oo,2.53211
4788p,1.759546
4788pp,6.727928
4788q,7.215288
4788qq,6.343889
4788r,24.751
4788rr,6.327488
4788s,2.435818
4788ss,6.788566
4788t,2.836484
4788tt,6.586389
4788u,93.36861
4788uu,6.119125
4788v,96.50304
4788w,6.435113
4788x,2.552509
4788y,6.282989
4788z,3.816443
4789a,2.140301
4789b,10.29291
4789c,2.840562
4789d,3.713282
4789e,1.238119
4789f,10.92686
4789g,5.695959
4789h,1.878865
4789i,1.565489
4789j,87.89386
4789k,9.574244
4789l,1.412845
4789m,1.43768
4789n,1.688012
4790a,9.741102
4790b,8.13981
4790c,3.495636
4790d,2.819223
4790e,10.43546
4790f,1.799542
4790g,7.893852
4790h,2.613819
4790i,2.749547
4790j,209.7835
4790k,2.97882
4790l,3.321834
4790m,2.831704
4790n,8.919476
4790o,2.821041
4790p,9.874857
4790q,8.352621
4790r,8.29158
4790s,42.90888
4790t,2.546363
4790u,3.445531
4791a,2.38025
4791b,1.942015
4792a,87.31365
4792b,93.65667
4792c,4.535004
4792d,91.27209
4792e,3.75194
4792f,91.83452
4792g,91.65413
4792h,91.87854
4792i,89.19766999999999
4792j,88.47372
4792k,10.10843
4792l,95.01103
4792m,37.38282
4792n,9.273007
4792o,21.31485
4794,10.42728
4795,13.98796
4796,6.597508
4797,13.24715
4798,7.938069
4799,62.37801
48,52.74365
4800,9.813372
4801,61.74974
4802,63.53529
4804,10.2833
4808,7.842395
4809,31.0309
4810,12.38097
4811,26.50809
4812,26.11629
4813,26.98362
4814,60.04224
4815,54.86255
4816,61.23075
4817,65.44415
4818,33.50385
4819,55.31519
4820,7.60819
4821,10.06487
4822,47.07152
4823,7.718089
4824,6.871402
4825,8.134617
4826,5.845713
4827,7.312921
4828,7.121229
4829,8.175442
4832,44.35848
4833,45.57031
4835,51.94093
4836,61.76083
4837,11.76845
4838,44.92666
4839,2.856279
4840,12.19753
4841,11.43131
4842,10.80712
4843,9.386189
4844,8.071549
4845,6.654192
4846,52.90397
4847,74.79517
4850,59.1065
4851,52.58413
4854,49.45914
4855,7.591033
4857,5.28642
4858,4.911237
4859,62.18308
4860,61.21459
4861,61.46854
4862,12.39188
4863,26.5779
4864,88.30922
4865,23.15666
4866,6.954624
4867,21.40612
4868,15.40345
4869,4.718406
4870a,35.01545
4870b,35.22493
4870c,23.23968
4874,7.633196
4875,61.03675
4877,41.27251
4878,72.27104
4879,41.40411
4880,5.898451
4881a,93.48
4881b,27.29428
4881c,96.98325
4881d,2.89898
4881e,14.23091
4881f,24.40577
4881g,98.90129
4881h,96.02556
4881i,94.31473
4881j,6.101871
4881k,1.760946
4881l,8.194367
4882a,88.82809
4882b,90.10826
4882c,2.153181
4882d,2.416025
4882e,14.9015
4882f,13.50829
4882g,7.327306
4882h,8.481495
4882i,12.01498
4882j,12.34018
4882k,2.525635
4882l,11.54086
4882m,7.773941
4882n,6.043646
4882o,87.78954
4882p,37.43699
4882q,3.244526
4882r,7.852055
4882s,12.64926
4882t,4.22604
4882u,7.251832
4882v,15.01863
4882w,90.98201
4882x,12.53343
4882y,88.57262
4884a,10.09405
4884b,7.143664
4884c,7.155016
4884d,11.72465
4884e,93.12565
4884f,7.809345
4884g,8.388565
4884h,11.27698
4884i,9.604764
4884j,13.44889
4884k,8.026527
4884l,8.848201
4884m,7.04814
4884n,10.46992
4884o,15.17903
4884p,89.741
4884q,14.09316
4884r,11.74663
4884s,4.544713
4884t,95.62787
4884u,94.04942
4884v,90.21929
4884w,7.224656
4884x,11.19311
4884y,4.799814
4886,52.51771
4887,49.01112
4888,39.97109
4889,50.57208
4890,48.53428
4891,59.9565
4892,54.68557
4893,14.39267
4894,13.77028
4895,49.11545
4896,14.1472
4897,57.9654
4898,13.96812
4899,41.81824
49,10.40883
4900,55.11552
4901a,18.16593
4901b,15.08029
4901c,13.91479
4902,12.0079
4903a,10.96709
4903b,32.84626
4903c,92.74287
4903d,86.61999
4903e,12.18783
4903f,42.38496
4903g,9.172478
4903h,8.730837
4903i,56.14664
4903j,8.082992
4904,10.11427
4905,12.35118
4906,21.27169
4907,23.04148
4911a,1.934586
4911b,1.51181
4911c,43.21046
4911d,2.173366
4911e,1.616428
4911f,5.680106
4911g,5.372116
4911h,1.788852
4911i,33.36122
4911j,6.167395
4911k,1.57697
4911l,5.996778
4912a,37.55936
4912aa,2.813139
4912b,22.13278
4912bb,2.457707
4912c,6.28693
4912cc,3.635143
4912d,7.765329
4912dd,3.627282
4912e,2.590373
4912ee,80.05792
4912f,3.00923
4912ff,73.00407
4912g,1.826776
4912gg,49.64926
4912h,1.920292
4912hh,7.992522
4912i,5.240647
4912ii,6.389713
4912j,3.005006
4912jj,23.24863
4912k,4.470198
4912l,7.693187
4912m,6.852262
4912n,2.205249
4912o,92.52798
4912p,64.61231
4912q,13.33627
4912r,42.25514
4912s,4.130625
4912t,5.746694
4912u,11.55312
4912v,9.248469
4912w,11.35031
4912x,8.149491
4912y,4.76017
4912z,6.192279
4913a,55.47465
4913b,8.858793
4913c,6.539039
4913d,9.389563
4913e,9.339113
4913f,6.686765
4913g,93.7528
4913h,92.48028
4913i,36.87761
4913j,7.736639
4913k,12.21962
4913l,16.75028
4913m,8.240089
4913n,2.691508
4913o,11.05939
4913p,88.16249
4913q,91.69014
4914,9.289798
4915,3.993859
4916,42.94914
4919,53.77959
4920,4.661768
4921,4.303062
4922,4.541281
4923,5.250541
4926,10.12146
4927,4.443374
4928a,89.5061
4928b,90.93781
4928c,32.84811
4928d,5.602792
4928e,5.010088
4929a,96.07807
4929b,93.86137
4929c,19.1504
4929d,93.59753
4929e,90.64066
4929f,12.03426
4929g,19.72108
4929h,5.157914
4929i,12.77344
4930,97.53272
4932,43.50407
4933,35.03461
4934,36.73593
4936,10.98903
4937,13.39349
4938,3.42494
4939,10.40116
4941,17.4097
4942,24.15048
4943,97.26582
4944,43.95291
4946,96.19074
4947,97.60072
4948,94.12605
4949,8.550262499999999
4950,9.361035
4951,57.0264
4952,59.51669
4953,56.36158
4954a,3.923318
4954b,18.29225
4954c,33.63444
4954d,4.060174
4954e,7.235906
4954f,11.986
4954g,40.11686
4954h,41.02557
4954i,40.11822
4954j,55.15952
4954k,2.279115
4954l,10.09279
4954m,10.60875
4954n,7.599475
4954o,10.81236
4954p,12.80414
4959,33.41104
4960,7.959439
4961,48.18805
4962,50.12154
4963,51.26705
4964,46.2837
4965,7.274573
4966,7.45205
4967,7.995278
4968,46.28869
4969,46.38846
4970,8.021676
4971,6.27003
4972,10.05027
4973,10.39772
4974,55.52391
4975,43.90793
4976,47.67741
4977,11.90334
4978,54.1177
4979,53.43155
4980,87.75864
4981,93.78233
4982,90.4718
4983,91.72408
4984,54.95298
4985,53.65621
4986,49.4774
4987,39.33634
4988,39.15395
4989,48.15138
4990,4.149484
4991,56.60932
4992,4.311236
4993,87.78777
4994,12.50305
4996,33.67155
4997,39.53486
4998,12.07604
4999,14.14418
5,21.71447
50,9.397617
5000a,97.20914
5000b,26.73709
5000c,11.26964
5000d,98.59389
5000e,29.46747
5000f,98.21617
5000g,30.11886
5000h,97.47511
5000i,29.19565
5000j,98.19951
5000k,29.94881
5000l,96.72158
5000m,26.92734
5000n,55.97599
5000o,1.240374
5000p,4.272843
5000q,59.34982
5000r,1.608689
5000s,59.50183
5001,9.286741
5003,12.41933
5004,11.40744
5005,97.17749
5006,98.13863
5007,31.80483
5008,30.75056
5009,97.47312
5010,96.54797
5011,11.50857
5012,8.158753
5013,12.87901
5014,27.73612
5015,58.49812
5016,98.94749
5017,2.94842
5018,11.49669
5019,23.72801
5021a,3.432022
5021b,21.04176
5021c,15.5967
5021d,12.16572
5021e,12.85069
5021f,93.93185
5021g,6.145032
5021h,12.48376
5021i,84.58373
5022,4.786902
5024,27.86879
5025,66.51118
5026,58.41121
5027,47.00571
5028,12.62889
5029,76.40576
5030,96.01479
5031,5.353078
5032,10.31394
5033,40.96582
5034,60.28618
5035,72.92157
5037,64.03552
5038,41.15446
5039,47.87414
5040,54.60714
5041,43.61104
5044,92.96507
5045,8.651227
5046,95.76239
5047,95.52883
5048,88.9558
5051,89.3382
5053,93.43402
5055,88.66345
5056,73.89381
5057,22.60209
5058,83.78945
5059,87.1031
5060,89.5498
5061,92.20528
5062,9.240834
5063,48.42196
5064,3.423011
5065,89.37251
5067,92.21685
5072,91.77647
5074,92.56018
5075,90.62177
5076,92.98071
5077,92.81583
5078,87.21085
5079,41.83442
507a,7.409439
507b,49.95193
507c,33.5033
507d,6.259434
5080,53.98066
5081,91.71867
5082,94.99771
5083,73.64828
5085,98.02126
5086,90.32123
5089,91.84329
5090,87.76936
5091,94.79359
5092,64.58459
5093,40.31122
5094,88.272
5095,92.62106
5097,96.84739
5098,97.51332
51,10.05205
5100,87.72665
5101,84.97906
5102,86.86021
5103,95.78448
5105,95.10121
5106,97.77287
5107,97.72276
5108,92.78557
5109,18.61235
5110,41.83936
5111,10.79387
5112,8.529531
5113,59.36064
5114,43.12162
5117,15.51903
5120,3.515715
5121,15.39469
5122,43.48719
5123,11.64468
5125,54.71492
5126,52.70611
5127,45.15236
5128,16.72604
5129,59.29295
5131,3.616263
5133,49.20911
5134,53.09029
5135,48.41612
5136,54.83807
5137,7.749199
5138,10.98775
5139,3.88271
5140,25.13982
5141,52.64004
5142,65.23852
5143,13.52565
5144,51.86187
5146,50.86004
5148,2.275931
5149,50.270875000000004
5152,6.924629
5153,12.14862
5155,44.990305
5156,43.59256
5157,10.0933
5158,11.33665
5159,11.01878
5160,43.78531
5161,60.45224
5162,40.52762
5164,58.60149
5166,2.521419
5168,8.065178
5169a,7.107973
5169b,8.247321
5169c,10.65508
5169d,17.18602
5169e,8.61287
5169f,8.902538
5169g,8.687714
5169h,92.00416
5169i,6.47328
5169j,6.605287
5169k,9.706737
5169l,11.85749
5169m,9.969128
5169n,5.68537
5169o,5.267732
5169p,6.910477
5169q,10.9656
5169r,11.85422
5169s,97.49014
5169t,10.36409
5169u,15.9901
5169v,3.617239
5169w,96.13588
5169x,93.32568
5169y,10.8302
5169z,12.75674
5170a,12.0807
5170aa,8.86696
5170b,17.79427
5170bb,91.84165
5170c,96.82063
5170cc,88.05605
5170d,93.17001
5170dd,12.68273
5170e,19.17071
5170ee,93.75272
5170f,3.124832
5170ff,6.042325
5170g,3.331051
5170gg,3.353903
5170h,18.39986
5170hh,9.515797
5170i,10.76286
5170j,11.67595
5170k,8.102997
5170l,11.21779
5170m,5.963502
5170n,9.329132
5170o,98.3188
5170p,7.789914
5170q,99.52857
5170r,92.58888
5170s,11.38467
5170t,17.1401
5170u,15.28124
5170v,15.997
5170w,12.31076
5170x,14.39735
5170y,2.763068
5170z,4.089739
5171,34.09103
5173,7.95543
5174,13.10377
5175,37.69769
5176,56.49626
5177,6.630914
5179,53.86816
5180,7.159480500000001
5181,7.143948
5182,41.68255
5183,55.21209
5184,76.56954
5185,9.440345
5186,87.89362
5187,67.58858
5188,60.15473
5189,7.693819
5190,73.48048
5191,50.75745
5192,15.84753
5193,92.10911
5194,97.43339
5195,52.62079
5196,7.931976
5197,9.971479
5198,51.1169
5199,50.4019
52,9.250219
5200,46.10243
5201a,97.70421
5201b,13.93314
5201c,24.24008
5202a,70.21388
5202b,87.20702
5202c,9.933806
5202d,19.00818
5202e,22.32227
5202f,18.35878
5202g,11.60063
5203,49.61707
5204,57.70529
5205a,89.70625
5205aa,13.8144
5205b,11.5264
5205bb,95.67807
5205c,11.98453
5205cc,14.21874
5205d,93.01543
5205dd,14.70688
5205e,10.59031
5205ee,21.28279
5205f,20.80149
5205ff,94.98422
5205g,92.35184
5205gg,14.90599
5205h,17.92503
5205hh,41.72012
5205i,17.40354
5205ii,23.57609
5205j,28.72627
5205jj,16.9933
5205k,94.49982
5205kk,4.909269
5205l,11.67776
5205ll,5.876429
5205m,22.60798
5205mm,9.775517
5205n,11.967
5205nn,15.82145
5205o,5.876828
5205oo,11.71852
5205p,24.9351
5205pp,7.581001
5205q,19.03378
5205qq,20.26685
5205r,9.309088
5205rr,94.05501
5205s,11.38004
5205ss,94.90601
5205t,16.18718
5205tt,96.14314
5205u,16.19953
5205v,7.705691
5205w,1.497441
5205x,13.38406
5205y,4.854957
5205z,16.75828
5301a,95.25455
5301b,27.4348
5301c,15.52008
5301d,98.49467
5301e,29.91139
5301f,98.85289
5301g,30.70503
5301h,98.37316
5301i,29.75429
5301j,98.92289
5301k,31.47038
5301l,97.29733
5301m,28.23183
5301n,54.38953
5301o,57.78213
5301p,1.369306
5301q,3.826884
5301r,1.067728
5302a,98.53271
5302b,18.56406
5302c,27.66118
5302d,99.35698
5302e,28.86611
5302f,96.82143
5302g,30.51412
5302h,95.90738
5302i,37.14182
5302j,99.07444
5302k,36.3131
5302l,76.90298
5302m,1.113075
5302n,70.25656
5302o,68.1266
5302p,6.541243
5302q,5.841162
5303a,86.7523
5303b,14.43629
5303c,7.660068
5303d,14.20207
5303e,92.11048
5303f,8.888189
5303g,11.95195
5303h,89.25125
5303i,52.00944
5303j,8.63834
5303k,12.62255
5303l,12.93065
5303m,7.592338
5303n,8.165035
5303o,15.22554
5303p,11.33381
5303q,3.849773
5303r,6.654874
5303s,10.30582
5304a,6.155807
5304b,8.475542
5304c,11.19756
5304d,22.25838
5304e,8.84915
5304f,9.80051
5304g,9.883257
5304h,97.08314
5304i,9.452265
5304j,8.589846
5304k,10.66172
5304l,11.42266
5304m,9.528249
5304n,12.61061
5304o,5.440531
5304p,5.70652
5304q,8.183067
5304r,19.01244
5304s,98.97117
5304t,10.30607
5304u,17.87862
5304v,4.046122
5304w,95.47226
5304x,95.90104
5304y,12.03901
5304z,13.95086
54,8.576391
5406a,53.4887
5406b,4.975982
5406c,72.76443
5407a,81.15499
5407b,92.58663
5407c,95.78467
5407d,97.04467
5407e,15.07009
5407f,17.11905
5407g,21.65678
5407h,7.465196
5407i,3.242943
5407j,6.441105
5407k,96.38183
5407l,92.47266
5407m,96.14201
5407n,97.74383
5407o,16.77774
5407p,97.25159
5407q,19.11247
5407r,95.57349
5407s,96.76441
5407t,8.363693
5407u,7.048363
5408a,96.10937
5408b,90.97229
5408c,13.51121
5408d,12.04986
5408e,10.51657
5408f,2.167104
5408g,95.72114
5408h,90.56524
5408i,6.684464
5408j,14.26641
5408k,2.708137
5408l,3.081199
5410a,6.330911
5410aa,44.4922
5410b,6.768974
5410c,6.93191
5410d,13.71011
5410e,11.97218
5410f,86.32403
5410g,6.675553
5410h,6.651947
5410i,11.15555
5410j,12.70666
5410k,11.77023
5410l,7.340383
5410m,5.390381
5410n,6.558936
5410o,10.60069
5410p,9.763943
5410q,91.8055
5410r,8.415602
5410s,16.07944
5410t,3.267576
5410u,79.78253
5410v,89.28188
5410w,80.88258
5410x,9.022404
5410y,13.36544
5410z,3.925949
5411a,88.31275
5411b,88.869
5411c,91.20187
5411d,90.65852
5411e,93.55934
5411f,93.21687
5411g,90.83873
5411h,5.908148
5411i,70.90256
5411j,8.927986
5411k,3.364118
5413a,1.494674
5413aa,63.68470000000001
5413b,1.336835
5413bb,49.87174
5413c,2.32964
5413cc,92.20988
5413d,5.981118
5413dd,4.812127
5413e,13.70184
5413ee,4.26422
5413f,1.90977
5413ff,4.184062
5413g,4.262954
5413h,4.158481
5413i,82.7691
5413j,2.003247
5413k,1.478461
5413l,5.916388
5413m,7.222374
5413n,5.563893
5413o,6.414443
5413p,2.830337
5413q,1.496788
5413r,7.960397
5413s,5.116821
5413t,1.544075
5413u,1.215267
5413v,1.125139
5413w,1.809777
5413x,4.322202
5413y,79.52061
5413z,3.746789
5414a,91.79707
5414aa,4.484918
5414b,89.12885
5414bb,7.503003
5414c,89.50932
5414cc,7.939313
5414d,87.3916
5414dd,7.864079
5414e,61.59701
5414ee,10.48163
5414f,4.592778
5414ff,8.474649
5414g,7.966071
5414gg,7.171442
5414h,4.837567
5414i,10.60009
5414j,5.031659
5414k,6.994728
5414l,56.69913
5414m,5.335718
5414n,7.224104
5414o,5.7034
5414p,9.618097
5414q,5.038667
5414r,85.78657
5414s,87.88348
5414t,58.70084
5414u,6.649313
5414v,11.19286
5414w,5.315742
5414x,5.76163
5414y,7.694485
5414z,4.965318
5431a,12.01952
5431b,94.50959
5431c,90.12128
5431d,41.79745
5431e,11.71742
5431f,8.155644
5431g,12.8033
5431h,7.354968
5431i,7.673931
5431j,6.339622
5431k,13.3288
5431l,96.3653
5431m,13.45576
5431n,5.173879
5431o,93.26115
5431p,7.064189
5431q,11.53996
5431r,4.37873
5431s,6.740544
5431t,9.606894
5436a,4.599533
5436b,9.515299
5436c,89.67155
5436d,4.303965
5436e,91.8299
5437,5.003047
5438,10.26607
5439,9.147791
5440,10.62537
5441,57.60471
5444a,7.749902
5444b,12.67535
5444c,2.837769
5444d,12.15876
5444e,4.777127
5444f,13.61154
5444g,15.78155
5444h,42.69434
5444i,2.991628
5444j,3.709717
5444k,1.860214
5444l,66.11798
5445,22.57753
5446,1.275643
5447,3.565261
5447a,3.268653
5447b,5.302919
5447c,3.033629
5447d,7.427408
5447e,57.30798
5447f,7.15822
5447g,5.24021
5447h,1.822665
5447i,5.343768
5447j,2.450603
5447k,2.767699
5447l,7.293366
5447m,65.15083
5447o,12.26588
5447p,51.57741
5447q,8.334732
5447r,10.31793
5447s,89.16133
5447t,10.42137
5447u,4.571162
5447v,58.29699
5447w,4.665587
5447x,23.77213
5447y,2.456222
5463a,11.9324
5463b,9.716036
5463c,15.22437
5463d,80.22182
5463e,91.99883
5463f,52.77296
5463g,12.34715
5463h,9.087423
5463i,11.70489
5463j,93.56588
5463k,14.00678
5463l,9.629126
5463m,11.47493
5463n,13.66284
5463o,13.50659
5463p,96.6646
5463q,16.14935
5463r,10.22764
5463s,89.98257
5463t,9.560066
5463u,11.0443
5463v,4.187515
5463w,7.266297
5463x,6.496961
5464a,93.44888
5464aa,10.18799
5464b,92.58814
5464bb,7.769906
5464c,1.354092
5464cc,4.555058
5464d,48.40166
5464dd,5.907357
5464e,45.90928
5464ee,2.640651
5464f,22.33635
5464ff,2.129095
5464g,6.210511
5464gg,3.714614
5464h,7.789816
5464hh,3.380399
5464i,2.617942
5464ii,92.81029
5464j,2.717179
5464jj,89.86398
5464k,3.148771
5464kk,92.98096
5464l,1.721745
5464ll,56.1319
5464m,2.098747
5464mm,7.368736
5464n,4.672338
5464nn,7.210216
5464o,4.507719
5464oo,34.9655
5464p,8.1742
5464q,6.731579
5464r,2.078306
5464s,102.1893
5464t,64.8364
5464u,13.72952
5464v,44.46913
5464w,4.285516
5464x,5.889421
5464y,11.63709
5464z,8.253247
5465a,95.49999
5465b,95.56652
5465c,13.71595
5465d,1.304826
5465e,14.78092
5465f,17.93215
5465g,94.32209
5465h,94.9231
5465i,16.80486
5465j,17.04345
5465k,22.54379
5465l,99.2579
5465m,19.42191
5465n,7.112496
5465o,32.51291
5471a,23.57223
5471b,8.156008
5471c,113.9904
5471d,14.20709
5471e,4.261154
5471f,19.17425
5471g,3.60805
5471h,7.274357
5471i,86.12421
5472a,75.68156
5472b,10.94764
5472c,23.21759
5472d,14.48554
5472e,46.2873
5472f,38.95781
5472g,3.072492
5472h,13.27746
5472i,4.264282
5472j,6.423702
5472k,22.18044
5473a,12.6702
5473aa,26.44114
5473b,8.079026
5473bb,91.13045
5473c,87.72528
5473cc,6.529281
5473d,92.97816
5473dd,1.937057
5473e,5.217899
5473ee,10.93446
5473f,4.25204
5473ff,5.964838
5473g,5.119081
5473gg,6.026295
5473h,6.694552
5473hh,6.319992
5473i,16.79062
5473ii,6.307494
5473j,7.688358
5473jj,5.816292
5473k,9.2907
5473kk,6.35626
5473l,5.655948
5473m,2.341596
5473n,22.36161
5473o,21.72023
5473p,6.189589
5473q,10.09285
5473r,6.406435
5473s,1.584386
5473t,1.964478
5473u,1.905043
5473v,90.08679
5473w,92.41565
5473x,3.257295
5473y,10.19182
5473z,4.857014
5495a,12.53116
5495b,9.507969
5495c,11.68571
5495d,79.47012
5495e,75.93205
5495f,36.6288
5495g,10.74937
5495h,11.88074
5495i,11.60869
5495j,11.67112
5495k,9.409163
5495l,14.14542
5495m,9.514636
5495n,14.7914
5495o,97.11903
5495p,13.49703
5495q,5.664572
5495r,89.186
5495s,9.005898
5495t,11.54565
5495u,4.610332
5495v,8.278396
5495w,8.651651
5496a,87.54112
5496b,89.06349
5496c,12.72997
5496d,11.82178
5496e,10.8155
5496f,2.012679
5496g,90.37589
5496h,82.41167
5496i,6.447897
5496j,11.86262
5496k,2.35139
5496l,2.667238
5497a,1.782526
5497b,2.412274
5497c,2.386155
5497d,4.999721
5497e,4.500423
5497f,9.477615
5497g,15.08342
5497h,2.25022
5497i,1.914288
5497j,4.392941
5497k,81.1759
5497l,92.40429
5497m,59.72297
5497n,49.46649
5497o,24.99514
5497p,5.84092
5497q,7.792649
5497r,2.079535
5497s,1.541464
5499a,3.481408
5499b,3.505186
5499c,10.92295
5499d,50.30176
5499e,3.641757
5499f,8.281973
5499g,42.94537
5499h,5.574165
5499i,3.634899
5499j,10.10603
5499k,9.684552
5499l,4.631103
5499m,5.745624
5499n,2.937563
5499o,9.520658
5499p,8.938324
5499q,7.400158
5499r,48.85015
5499s,6.713358
5499t,4.967896
5499u,55.65042
5499v,12.25643
5499w,57.29251
5499x,4.986604
5499y,14.7622
5499z,6.242771
55,6.791063
5500a,83.99684
5500aa,1.954129
5500b,9.22884
5500bb,8.972575
5500c,9.080589
5500cc,4.779931
5500d,5.896645
5500dd,2.183164
5500e,12.09533
5500ee,1.755367
5500f,2.767457
5500ff,9.450733
5500g,8.558722
5500gg,3.729855
5500h,4.421977
5500hh,2.47433
5500i,9.26711
5500ii,2.885746
5500j,64.67788
5500jj,2.848327
5500k,5.216859
5500l,5.814798
5500m,5.542071
5500n,13.33727
5500o,2.915275
5500p,3.366602
5500q,3.37335
5500r,13.92594
5500s,3.988745
5500t,17.53123
5500u,91.24064
5500v,6.523668
5500w,4.826869
5500x,4.792787
5500y,5.87286
5500z,16.03779
5501a,9.21318
5501aa,96.7562
5501b,9.329854
5501bb,13.91768
5501c,7.206531
5501cc,14.87877
5501d,4.771523
5501dd,9.855556
5501e,10.93196
5501ee,17.1095
5501f,25.14436
5501ff,18.99495
5501g,7.957278
5501gg,10.31108
5501h,11.495
5501hh,8.984455
5501i,91.70587
5501ii,4.132739
5501j,94.98327
5501jj,2.49989
5501k,8.343102
5501kk,2.859348
5501l,7.091958
5501m,32.60267
5501n,25.88156
5501o,6.361444
5501p,1.700454
5501q,3.085539
5501r,2.861357
5501s,93.91518
5501t,94.64816
5501u,11.14128
5501v,36.37691
5501w,8.854092
5501x,8.608276
5501y,2.129252
5501z,95.133
5502a,10.47206
5502b,7.600916
5502c,12.17109
5502d,93.32718
5502e,95.26013
5502f,49.08615
5502g,11.88295
5502h,10.89342
5502i,14.71493
5502j,96.38144
5502k,15.78758
5502l,9.923561
5502m,12.3723
5502n,17.52262
5502o,13.94712
5502p,89.60778
5502q,22.55255
5502r,12.00757
5502s,95.85257
5502t,8.318453
5502u,18.25634
5502v,4.318055
5502w,8.175602
5502x,6.822462
5504a,96.18156
5504b,14.46202
5504c,6.947841
5504d,15.43406
5504e,90.52019
5504f,8.725042
5504g,10.5369
5504h,97.38859
5504i,5.885017
5504j,13.17169
5504k,5.976742
5504l,7.76225
5504m,5.988124
5504n,15.19296
5504o,11.68178
5504p,5.560001
5504q,5.896326
5504r,3.64991
5504s,88.89712
5504t,3.917981
5505a,91.81337
5505b,93.43956
5505c,12.54983
5505d,13.83604
5505e,3.200006
5505f,2.511024
5505g,20.26663
5505h,14.47168
5505i,17.11761
5505j,13.82471
5505k,9.635112
5505l,92.47769
5505m,85.3625
5505n,17.79168
5505o,12.36048
5505p,4.526279
5505q,22.06249
5505r,19.76929
5505s,16.54432
5505t,15.53947
5505u,8.795632
5505v,82.40645
5505w,79.65071
5505x,93.63445
5506a,11.59049
5506b,16.05184
5506c,96.77216
5506d,14.75515
5506e,38.51574
5506f,25.80643
5506g,10.0111
5506h,11.84331
5506i,4.821008
5506j,6.044482
5506k,18.86085
5507a,92.86189
5507b,11.0833
5507c,13.54324
5507d,14.01066
5507e,42.23453
5507f,28.0302
5507g,14.80433
5507h,7.992649
5507i,3.47704
5507j,5.696877
5507k,22.40586
5508a,91.28281
5508b,13.22792
5508c,16.41502
5508d,17.52411
5508e,44.09251
5508f,37.71609
5508g,2.988833
5508h,8.174932
5508i,4.284625
5508j,8.307919
5508k,22.25444
5509a,90.09805
5509b,94.24589
5509c,35.42629
5509d,5.743299
5509e,11.27553
5509f,14.57153
5509h,28.2877
5509i,10.58083
5509j,96.43592
5509k,8.7012
5510a,86.2053
5510b,94.84182
5510c,5.330843
5510d,93.38757
5510e,3.77078
5510f,95.47001
5510g,90.06924
5510h,91.93601
5510i,92.08549
5510j,93.17387
5510k,9.666367
5510l,96.03591
5510m,32.38578
5510n,11.36653
5510o,28.84834
5511a,15.14374
5511b,7.287321
5511c,27.6105
5511d,7.376369
5511e,11.56961
5511f,7.85421
5511g,22.51121
5511h,7.273799
5511i,5.550105
5511j,88.66341
5511k,13.39275
5511l,6.013858
5511m,7.407329
5512a,13.85853
5512b,5.996312
5512c,26.75576
5512d,5.952731
5512e,10.35863
5512f,8.820594
5512g,20.37127
5512h,7.338634
5512i,5.583299
5512j,78.27248
5512k,8.722611
5512l,5.557808
5512m,6.593276
5513a,5.390391
5513aa,44.62271
5513b,6.841041
5513c,7.150189
5513d,12.96225
5513e,13.41924
5513f,93.05481
5513g,8.831405
5513h,8.256504
5513i,14.84812
5513j,12.02717
5513k,9.818569
5513l,6.001523
5513m,6.001982
5513n,8.529072
5513o,12.52326
5513p,12.4774
5513q,95.98797
5513r,10.08794
5513s,16.0169
5513t,4.16669
5513u,93.53938
5513v,92.50777
5513w,86.54977
5513x,10.14583
5513y,13.28303
5513z,4.233237
5514a,7.122617
5514aa,49.85882
5514b,6.336159
5514c,7.229798
5514d,10.8756
5514e,12.59365
5514f,96.71358
5514g,9.241738
5514h,8.368792
5514i,10.58838
5514j,11.8669
5514k,11.71865
5514l,6.493593
5514m,5.443617
5514n,9.179519
5514o,11.92548
5514p,11.23916
5514q,97.75208
5514r,10.42644
5514s,17.18797
5514t,3.197799
5514u,94.52267
5514v,96.633
5514w,95.54574
5514x,12.31462
5514y,12.94381
5514z,4.478659
5515a,88.67786
5515b,17.12245
5515c,7.264255
5515d,91.13281
5515e,6.987118
5515f,8.395761
5515g,14.58381
5515h,8.84311
5515i,9.741325
5515j,9.832681
5515k,9.235903
5515l,14.6247
5515m,14.08217
5515n,8.633829
5515o,6.727952
5515p,8.858631
5515q,10.0338
5515r,13.01413
5515s,2.189526
5515t,89.88341
5515u,10.45837
5515v,90.18444
5515w,9.925404
5515y,7.7703945
5515z,4.364491
5516a,92.47804
5516b,18.67446
5516c,8.485572
5516d,92.58037
5516e,8.431505
5516f,9.921905
5516g,12.9876
5516h,9.265824
5516i,11.84393
5516j,10.98234
5516k,10.59902
5516l,13.92487
5516m,17.3301
5516n,10.34657
5516o,7.925494
5516p,9.403574
5516q,10.0682
5516r,9.291998
5516s,2.517566
5516t,74.84554
5516u,9.558008
5516v,88.9339
5516w,7.50974
5516y,7.625194
5516z,4.305971
5517a,9.671988
5517b,19.25609
5517c,96.94228
5517d,15.36831
5517e,38.58043
5517f,17.82294
5517g,12.98631
5517h,12.55072
5517i,3.886197
5517j,5.947226
5517k,24.48213
5518a,12.98417
5518b,23.64455
5518c,95.53448
5518d,16.48063
5518e,44.91706
5518f,19.83076
5518g,13.26347
5518h,14.99271
5518i,4.550397
5518j,6.890849
5518k,26.72716
5519a,10.5225
5519b,19.44275
5519c,95.78687
5519d,17.67766
5519e,37.24681
5519f,19.2987
5519g,14.90634
5519h,12.95918
5519i,4.728707
5519j,5.032512
5519k,20.37229
5520a,12.40261
5520b,22.69654
5520c,96.90269
5520d,13.30762
5520e,37.85607
5520f,22.31882
5520g,9.372008
5520h,11.41918
5520i,4.721421
5520j,6.682013
5520k,19.12436
5521a,12.7471
5521aa,92.76566
5521b,14.05611
5521bb,11.17822
5521c,25.81149
5521cc,37.6596
5521d,7.800902
5521dd,16.11638
5521e,5.513749
5521ee,96.22903
5521f,16.48786
5521ff,11.00356
5521g,26.33687
5521gg,7.460599
5521h,8.818878
5521hh,16.13925
5521i,9.909084
5521ii,90.78703
5521j,88.6592
5521jj,15.46213
5521k,9.697842
5521kk,12.19554
5521l,13.82582
5521ll,25.25046
5521m,12.591
5521mm,3.679976
5521n,80.5855
5521nn,15.25474
5521o,12.46073
5521oo,25.61634
5521p,45.8047
5521pp,8.194248
5521q,15.62366
5521qq,17.01606
5521r,4.158256
5521rr,13.37863
5521s,21.28558
5521ss,89.50275
5521t,14.69087
5521u,6.909205
5521v,3.285939
5521w,18.97306
5521x,7.492075
5521y,88.02553
5521z,10.31091
5522a,13.59245
5522aa,11.57516
5522b,15.42608
5522bb,37.46432
5522c,35.72809
5522cc,16.09027
5522d,9.406054
5522dd,96.37558
5522e,6.041219
5522ee,12.30559
5522f,24.89803
5522ff,7.921798
5522g,29.32659
5522gg,24.76494
5522h,10.70089
5522hh,94.26865
5522i,11.63988
5522ii,16.30919
5522j,93.68444
5522jj,11.28318
5522k,10.1923
5522kk,31.11281
5522l,14.97157
5522ll,3.356432
5522m,15.17685
5522mm,15.53711
5522n,93.94458
5522nn,24.25598
5522o,12.75943
5522oo,9.41408
5522p,52.34383
5522pp,17.56509
5522q,22.18694
5522qq,95.65347
5522r,5.269298
5522rr,14.24443
5522s,18.63409
5522ss,97.67641
5522t,15.37449
5522u,7.384064
5522v,3.480158
5522w,20.89575
5522x,8.295842
5522y,13.27444
5522z,95.29134
5523a,90.90711
5523b,10.26802
5523c,11.40496
5523d,13.54154
5523e,29.30258
5523f,22.24
5523g,4.121439
5523h,7.48603
5523i,3.865613
5523j,5.680134
5523k,21.9453
5524a,96.65439
5524b,9.328898
5524c,11.11166
5524d,13.68858
5524e,31.11111
5524f,22.8769
5524g,3.69336
5524h,6.60557
5524i,3.757698
5524j,5.15732
5524k,25.30221
5525a,96.09114
5525b,11.40784
5525c,15.10832
5525d,17.47022
5525e,30.58122
5525f,20.87243
5525g,3.465798
5525h,8.428806
5525i,3.75123
5525j,6.497741
5525k,24.55556
5526a,95.78833
5526b,11.55226
5526c,16.25736
5526d,15.10079
5526e,27.51738
5526f,25.1952
5526g,4.050019
5526h,8.520584
5526i,4.110105
5526j,4.822392
5526k,25.18868
5527a,5.978046
5527aa,99.86306
5527b,7.726556
5527bb,11.09947
5527c,28.80436
5527cc,10.02606
5527d,6.579041
5527dd,22.26597
5527e,5.403849
5527ee,92.02757
5527f,14.949
5527ff,11.03844
5527g,10.48084
5527gg,6.065016
5527h,6.494048
5527hh,10.43883
5527i,7.273427
5527ii,94.31882
5527j,87.47112
5527jj,10.75179
5527k,10.65559
5527kk,93.81503
5527l,10.765
5527ll,16.34946
5527m,88.37573
5527mm,20.65583
5527n,10.23438
5527nn,96.55643
5527o,45.36432
5527p,15.05381
5527q,4.930366
5527r,14.97096
5527s,2.173652
5527t,10.39922
5527u,22.20102
5527v,8.528272
5527w,90.66915
5527x,7.268728
5527y,48.17344
5527z,16.30906
5528a,11.93124
5528aa,96.00184
5528b,8.093275
5528bb,12.13536
5528c,43.96482
5528cc,10.35797
5528d,9.246981
5528dd,17.85493
5528e,5.297221
5528ee,94.28723
5528f,13.72606
5528ff,11.89192
5528g,13.19609
5528gg,5.293118
5528h,9.250122
5528hh,10.5283
5528i,10.3146
5528ii,95.49838
5528j,93.84412
5528jj,11.72644
5528k,12.26129
5528kk,94.2457
5528l,14.69455
5528ll,17.64734
5528m,92.92168
5528mm,21.66129
5528n,10.32094
5528nn,94.98972
5528o,44.80205
5528p,16.79887
5528q,5.072137
5528r,16.17201
5528s,1.644404
5528t,10.00811
5528u,18.36403
5528v,8.517794
5528w,95.20913
5528x,8.956034
5528y,46.65186
5528z,14.90387
5529a,97.56136
5529b,18.88284
5529c,28.76289
5529d,97.70914
5529e,31.77377
5529f,98.76451
5529g,30.32142
5529h,97.68902
5529i,39.67847
5529j,98.91493
5529k,36.31456
5529l,76.37644
5529m,1.106993
5529n,72.64036
5529o,77.73837
5529p,7.395273
5529q,5.398477
5530a,96.51674
5530b,14.27129
5530c,26.28212
5530d,98.22476
5530e,27.2027
5530f,96.80083
5530g,25.47835
5530h,98.04266
5530i,30.76161
5530j,97.22032
5530k,28.00984
5530l,75.98405
5530m,1.362165
5530n,71.84602
5530o,78.72403
5530p,5.48587
5530q,78.77457
5530r,5.955889
5531a,9.137722
5531b,10.0575
5531c,11.53092
5531d,3.952846
5531e,22.12357
5531f,3.423332
5531g,6.291809
5531h,6.094589
5531i,12.2708
5531j,8.947495
5531k,3.651166
5531l,5.19261
5531m,77.92609
5531n,66.12098
5531o,10.88004
5531p,3.41418
5531q,4.034333
5532a,9.852638
5532b,7.259263
5532c,11.39031
5532d,5.427294
5532e,18.21073
5532f,4.816179
5532g,8.860044
5532h,6.932542
5532i,16.80931
5532j,8.361486
5532k,3.919493
5532l,5.48531
5532m,68.68939
5532n,62.79571
5532o,13.45356
5532p,1.950618
5532q,5.669221
5533a,10.0858
5533b,8.688894
5533c,13.35485
5533d,4.34808
5533e,30.68013
5533f,4.777358
5533g,6.66733
5533h,7.741661
5533i,15.29707
5533j,7.899207
5533k,5.501493
5533l,7.829075
5533m,71.33189
5533n,83.75923
5533o,14.70799
5533p,3.530301
5533q,4.791281
5534a,92.8004
5534b,12.19876
5534c,17.08249
5534d,15.04495
5534e,46.45269
5534f,36.61639
5534g,2.746174
5534h,12.08586
5534i,5.852037
5534j,6.108798
5534k,16.97608
5535a,90.71391
5535b,11.58756
5535c,10.79179
5535d,16.60363
5535e,35.5783
5535f,30.77613
5535g,2.949558
5535h,11.95412
5535i,6.283869
5535j,6.023774
5535k,18.06155
5536a,87.90292
5536b,11.24472
5536c,14.82307
5536d,12.82415
5536e,50.28564
5536f,33.81506
5536g,3.461761
5536h,8.374932
5536i,5.449966
5536j,7.697102
5536k,25.90978
5537a,13.68858
5537b,14.56304
5537c,36.16824
5537d,12.48945
5537e,8.556058
5537f,26.51971
5537g,4.344138
5537h,10.02667
5537i,8.323738
5537j,2.740975
5537k,18.45481
5537l,10.06029
5537m,6.427063
5537n,6.171103
5537o,7.194446
5537p,71.99779
5537q,82.67817
5537r,10.76387
5537s,3.649276
5537t,4.241522
5538a,12.82347
5538b,12.62734
5538c,39.44761
5538d,10.59884
5538e,7.005587
5538f,25.57192
5538g,3.538827
5538h,8.409521
5538i,9.158261
5538j,3.059513
5538k,20.18351
5538l,10.0587
5538m,6.39153
5538n,3.647892
5538o,7.015885
5538p,81.65188
5538q,84.22988
5538r,12.95149
5538s,3.174901
5538t,4.219812
5539a,12.88394
5539b,11.18696
5539c,37.14878
5539d,9.807961
5539e,9.182132
5539f,25.21918
5539g,5.483829
5539h,10.34196
5539i,8.685521
5539j,3.448701
5539k,16.63034
5539l,9.813452
5539m,4.586905
5539n,8.040946
5539o,8.02254
5539p,79.44304
5539q,75.34893
5539r,13.2634
5539s,2.98697
5539t,4.664521
5540a,12.20004
5540b,9.554038
5540c,25.12507
5540d,12.32764
5540e,6.665264
5540f,33.94249
5540g,4.194722
5540h,10.06984
5540i,6.448171
5540j,3.171602
5540k,21.09324
5540l,8.618404
5540m,2.522404
5540n,3.99111
5540o,4.903025
5540p,24.77662
5540q,63.61668
5540r,13.87571
5540s,2.785701
5540t,5.764234
5541a,98.54707
5541b,13.86691
5541c,25.31431
5541d,18.91378
5541e,46.134
5541f,37.28108
5541g,2.992503
5541h,7.988826
5541i,5.040093
5541j,7.774532
5541k,22.54535
5542a,94.39645
5542b,11.28225
5542c,14.5006
5542d,21.66159
5542e,45.13313
5542f,40.50851
5542g,3.531241
5542h,8.190518
5542i,4.940667
5542j,5.445092
5542k,13.89303
5543a,95.04839
5543b,11.59658
5543c,16.03476
5543d,9.376359
5543e,46.70942
5543f,36.85813
5543g,2.869509
5543h,7.261051
5543i,4.685472
5543j,6.270556
5543k,15.68863
5544a,113.4194
5544b,10.27666
5544c,21.17636
5544d,20.22967
5544e,39.731
5544f,35.79029
5544g,3.578112
5544h,7.96142
5544i,5.848456
5544j,6.015796
5544k,18.84857
5545a,82.57835
5545b,93.83826
5545c,4.747523
5545d,91.97491
5545e,3.615673
5545f,92.34984
5545g,86.99883
5545h,89.69714
5545i,86.12293
5545j,87.75986
5545k,10.16672
5545l,93.67658
5545m,19.60794
5545n,9.642004
5545o,28.848
58,52.46434
59,10.04275
60,45.36525
61,60.63636
62,29.55413
63,57.07938
64,54.19984
65,51.28455
66,41.74887
67,10.09326
68,10.42191
69,3.885632
693a,12.50162
693b,23.46832
693c,95.48788
693d,11.62054
693e,42.60423
693f,21.32258
693g,10.41085
693h,13.44437
693i,4.386957
693j,7.296066
693k,26.7005
7,7.655796
70,12.24544
71,10.76587
72,16.27972
74,10.45376
75,59.79718
76a,9.047083
76b,32.0295
76c,93.12782
76d,86.0939
76e,9.946653
76f,41.04169
76g,9.054385
76h,8.236601
76i,60.74682
76j,9.437386
8,9.751451
80,34.53796
81,8.084294
82,37.09106
83,51.19559
84,51.26203
85,46.76731
855,49.47334
857,53.61673
858,6.872534
859,55.5296
86,58.808425
860,7.462164
861,8.334037
862,2.019191
864,50.03469
867a,11.84272
867b,8.960037
867c,11.44584
867d,4.792728
867e,25.33726
867f,3.101269
867g,7.8684
867h,7.001127
867i,15.16705
867j,9.841924
867k,3.21821
867l,5.232393
867m,51.59237
867n,67.87057
867o,14.93182
867p,4.14183
867q,4.622076
869a,94.41146
869b,10.9379
869c,14.77678
869d,21.11611
869e,46.96024
869f,37.06908
869g,2.744029
869h,7.690801
869i,4.959156
869j,5.649086
869k,16.93679
87,62.84501
870a,11.18418
870b,16.85451
870c,94.07029
870d,13.47164
870e,34.2431
870f,22.70252
870g,10.13034
870h,10.8494
870i,4.548407
870j,5.815135
870k,22.71332
872a,52.38177
872b,14.26478
872c,54.52151
872d,63.5819
872e,52.78811
872f,65.66144
872g,14.83522
872h,51.31859
875a,87.19617
875b,14.01667
875c,5.821916
875d,10.64283
875e,5.041471
875f,91.5033
875g,9.849113
875h,88.12595
875i,10.59712
875j,7.902721
875k,1.407381
875l,90.14918
875m,10.10691
875n,11.0702
875o,7.301835
875p,8.474232
875q,7.323846
875r,1.947551
875s,10.84093
875t,2.853472
875u,10.79789
876a,11.28392
876b,10.9212
876c,95.07405
876d,12.75758
876e,37.95589
876f,21.57467
876g,14.12487
876h,11.72205
876i,3.861681
876j,4.698211
876k,16.59673
877a,9.896444
877b,7.674135
877c,23.02373
877d,9.553672
877e,5.752685
877f,19.06214
877g,4.033048
877h,7.763454
877i,8.360926
877j,13.08494
877k,9.396269
877l,4.432434
877m,5.185179
877n,5.475118
877o,40.69286
877p,33.80836
877q,13.06631
877r,2.143515
877s,4.523734
878,5.24871
879,42.63565
88,11.70045
880,10.31871
881,51.93132
882,6.149825
884,43.77359
885,42.04083
886,62.60952
887,59.55093
888,65.52628
889,9.755704
89,47.13161
890,7.924961
891,44.73385
892,40.83668
893,43.5574
894,7.948486
895,57.58015
896,54.49598
898a,91.46217
898b,37.2949
898c,49.8129
898d,92.43305
898e,44.07948
898f,34.76012
898g,90.10207
898h,42.80338
898i,37.19158
898j,87.43312
898k,50.25438
898l,35.67083
898m,36.25114
898n,76.05819
898o,45.97346
898p,40.2589
898q,92.90376
898r,49.6293
899a,10.84133
899b,20.82309
899c,96.82595
899d,16.93332
899e,39.04278
899f,28.66069
899g,14.38497
899h,11.94178
899i,3.82653
899j,5.44605
899k,17.29738
9,7.242791
90,43.26025
901a,11.36265
901aa,96.07349
901b,8.869738
901bb,11.57385
901c,37.54899
901cc,10.32378
901d,8.601925
901dd,21.19699
901e,5.880481
901ee,93.42215
901f,19.35949
901ff,16.52955
901g,13.14353
901gg,6.082599
901h,8.334484
901hh,10.54915
901i,9.377468
901ii,95.86291
901j,92.60112
901jj,12.50377
901k,12.49888
901kk,95.36852
901l,13.10197
901ll,17.85498
901m,93.67472
901mm,21.84299
901n,11.99719
901nn,96.24583
901o,49.46096
901p,15.38901
901q,5.526232
901r,16.23269
901s,2.22565
901t,9.919281
901u,19.59859
901v,8.684846
901w,95.18554
901x,9.791388
901y,53.69305
901z,15.75504
902a,12.37762
902b,8.88128
902c,11.11767
902d,2.594108
902e,14.96502
902f,99.44198
902g,11.8898
902h,1.828319
902i,36.36937
902j,13.3385
902k,10.77845
902l,3.632115
902m,11.94065
902n,4.354845
902o,6.704772
902p,1.03986
902q,1.13202
902r,15.24644
902s,6.287509
902t,15.73795
903a,93.93642
903b,28.97068
903c,94.81065
903d,2.714729
903e,12.33295
903f,26.28284
903g,96.29964
903h,95.87666
903i,5.419288
903j,1.935463
903k,7.316466
904a,5.866354
904aa,1.173122
904b,100.2812
904bb,9.51261
904c,3.004142
904cc,5.450301
904d,8.926937
904dd,2.194242
904e,3.107708
904ee,10.15898
904f,103.8687
904ff,6.34007
904g,8.120945
904gg,10.49274
904h,8.821729
904hh,8.20549
904i,2.498487
904ii,11.35468
904j,2.060846
904k,80.7662
904l,1.408589
904m,6.426781
904n,17.2951
904o,8.671682
904p,1.967615
904q,1.717087
904r,1.705589
904s,9.506105
904t,9.911124
904u,14.74925
904v,3.077477
904w,10.09763
904x,2.426492
904y,90.61791
904z,8.21209
905a,4.763701
905b,4.437637
905c,9.864993
905d,2.775177
905e,10.67121
905f,2.825096
905g,3.522391
905h,2.821565
905i,6.614319
905j,1.878572
905k,2.833078
905l,8.732787
905m,3.352308
905n,5.019623
906,58.76945
907,55.24126
909,45.59934
91,34.31718
911,50.03628
912,15.20027
913,51.30988
914,60.05417
915,5.437231
916,62.05482
917,55.62018
918,53.59634
92,56.93958
921,32.23754
922,4.487718
923,5.615657
924,5.419291
925,12.64139
928,8.227826
93,21.63108
931,4.08588
934,69.03992
935,4.880825
936,6.60118
937,50.4538
938,27.88049
939,10.32114
94,7.530077
940,30.73719
941,42.77531
942,12.70388
943,4.19024
944,7.749094
947,38.88393
948a,3.74869
948b,14.362185
948c,14.66732
948d,9.809056
948e,14.3023
948f,89.97176
948g,9.536319
948h,14.61726
948i,86.01517
949,2.96793
95,16.50921
950,6.33951
951,12.63138
952,43.81962
953,56.40375
954,9.501263
955,11.92955
956,60.80004
957,53.29626
958,61.29432
959,57.13018
96,14.43785
960,24.32518
961,57.35865
962,62.82907
963,12.00209
964,56.46774
965,3.151425
966,3.337482
967,52.12081
968,32.23195
969,32.34909
97,47.07494
970,9.462929
971,13.75114
972,25.02885
973,9.839183
98,3.75699
982,7.401184
983,13.67553
984,46.32594
985,5.894609
986,12.31954
987,46.55656
988,87.45612
989,51.34403
99,3.427125
990,19.04574
991,56.91932
992,92.72226
993,89.32766
994,2.817302
995,35.29963
996,46.31503
997,35.73009
998,43.67467
999,45.63832
