catalog,thickness
5021a,0.281
5021b,0.278
5021c,0.273
5021d,0.263
5021e,0.336
5021f,0.166
5021g,0.175
5021h,0.276
5021i,0.17
5495a,0.337
5495b,0.308
5495c,0.289
5495d,0.17
5495e,0.162
5495f,0.293
5495g,0.316
5495h,0.376
5495i,0.298
5495j,0.322
5495k,0.336
5495l,0.388
5495m,0.317
5495n,0.294
5495o,0.178
5495p,0.315
5495q,0.309
5495r,0.172
5495s,0.385
5495t,0.297
5495u,0.251
5495v,0.372
5495w,0.386
2080a,0.251
2080b,0.184
2080c,0.265
2080d,0.319
2080e,0.329
2080f,0.176
2080g,0.338
2080h,0.181
2080i,0.326
2080j,0.35
2080k,0.169
2080l,0.186
2080m,0.253
2080n,0.336
1007a,0.183
1007b,0.322
1007c,0.333
1007d,0.307
1007e,0.184
1007f,0.347
1007g,0.176
1007h,0.334
1007i,0.185
1007j,0.311
1007k,0.184
1007l,0.344
1007m,0.381
1007n,0.32
1007o,0.188
1007p,0.188
1007q,0.297
1007r,0.329
1007s,0.191
1007t,0.382
1007u,0.185
1007v,0.25
1007w,0.373
1007x,0.373
2774,0.151
2775,0.152
3188,0.279
4280,0.136
4281,0.269
1453,0.15
2598,0.149
128,0.159
1450,0.143
1451,0.146
55,0.153
2116,0.14
996,0.121
321,0.272
1446,0.156
1839,0.155
2597,0.151
70,0.15
71,0.154
75,0.14
28,0.13
24,0.165
2763,0.159
2772,0.286
72,0.161
1444,0.261
235,0.296
132,0.131
26,0.153
74,0.142
274,0.141
1550,0.166
2450,0.274
3169,0.133
5111,0.265
4937,0.28
2448,0.307
2449,0.142
2006,0.181
2012,0.157
287a,0.252
287b,0.286
287c,0.3
287d,0.25
287e,0.254
287f,0.288
287g,0.294
287h,0.251
5407a,0.244
5407b,0.173
5407c,0.265
5407d,0.162
5407e,0.261
5407f,0.252
5407g,0.257
5407h,0.286
5407i,0.281
5407j,0.263
5407k,0.169
5407l,0.281
5407m,0.174
5407n,0.277
5407o,0.272
5407p,0.258
5407q,0.262
5407r,0.187
5407s,0.163
5407t,0.104
5407u,0.112
290a,0.233
290b,0.249
290c,0.238
290d,0.23
290e,0.236
290f,0.232
290g,0.3
290h,0.304
290i,0.318
290j,0.309
5202a,0.172
5202b,0.276
5202c,0.28
5202d,0.32
5202e,0.286
5202f,0.323
5202g,0.304
1022e,0.31
1022f,0.43
1022i,0.48
872a,0.327
872b,0.328
872c,0.317
872d,0.365
872e,0.184
872f,0.373
872g,0.326
872h,0.185
2211a,0.382
2211b,0.248
2211c,0.253
2211d,0.347
2211e,0.2525
2211f,0.34550000000000003
2211g,0.236
2211h,0.2345
2211i,0.20450000000000002
4903a,0.1295
4903b,0.2425
4903c,0.2365
4903d,0.23299999999999998
4903e,0.321
4903f,0.356
4903g,0.183
4903h,0.4065
4903i,0.3615
4903j,0.3625
2977,0.298
1950,0.172
5161,0.304
1949,0.175
1953,0.181
3114,0.195
2987,0.167
5,0.162
2366,0.178
1973,0.168
3092,0.174
4905,0.17
2954,0.179
1551,0.306
4170,0.298
4173,0.323
238,0.314
3049,0.326
4180,0.175
4183,0.326
4230,0.176
2432,0.171
970,0.337
228,0.175
93,0.166
1505,0.32
879,0.177
202,0.16
107,0.165
205,0.167
2540,0.175
2543,0.191
2544,0.174
10,0.349
8,0.35
2942,0.178
2943,0.182
2944,0.188
1952,0.368
1549,0.337
2310,0.179
5123,0.183
4163,0.172
4176,0.176
3055,0.33
2304,0.26
1526,0.331
2486,0.177
1554,0.321
2303,0.321
1522,0.354
1521,0.34
230,0.173
3149,0.277
4204,0.174
4205,0.167
4206,0.17
4207,0.169
4153,0.222
4154,0.222
4156,0.231
4859,0.279
4152,0.232
4155,0.223
308,0.176
309,0.178
310,0.179
311,0.175
335,0.283
2220,0.289
1037,0.222
254,0.209
1959,0.272
1784,0.279
1742,0.276
5079,0.29
3129,0.3
2628,0.279
3152,0.252
3153,0.25
3154,0.24
3112,0.345
185,0.159
5186,0.273
2236,0.187
1388,0.351
340,0.413
3126,0.236
4114,0.237
3125,0.222
4895,0.172
3124,0.183
888,0.171
2511,0.181
3120,0.16
2782,0.169
3121,0.173
4262,0.168
4263,0.17
2072,0.317
2781,0.17
4264,0.175
4265,0.173
4266,0.161
4267,0.174
4862,0.172
2517,0.171
4257,0.174
5182,0.163
2208,0.292
4136,0.173
379,0.173
126,0.166
855,0.171
2040,0.17
3066,0.256
3082,0.259
2905,0.185
4865,0.253
4866,0.243
4867,0.259
4864,0.238
1540,0.269
1544,0.175
1762,0.206
992,0.23
993,0.231
2035,0.108
2198,0.163
1962,0.348
3119,0.342
3101,0.173
2242,0.232
2243,0.235
2510,0.231
5074,0.235
5075,0.226
5076,0.238
5077,0.232
2509,0.242
5078,0.232
2184,0.167
1963,0.337
3095,0.338
3136,0.34
4268,0.161
3118,0.337
5046,0.23
982,0.237
5045,0.181
263,0.179
3013,0.245
3014,0.243
3036,0.301
3037,0.308
3038,0.303
896,0.172
890,0.258
4870b,0.188
4870a,0.181
4870c,0.203
2498,0.235
1966,0.169
1967,0.171
1968,0.163
2487,0.247
2488,0.25
1732,0.162
988,0.231
2625,0.159
2626,0.156
891,0.168
892,0.16
893,0.162
889,0.192
894,0.195
2233,0.183
3096,0.358
985,0.341
4896,0.172
2145,0.159
2146,0.158
2147,0.162
2148,0.259
2174,0.231
141,0.16
2219,0.274
5144,0.167
4854,0.278
4887,0.291
4886,0.291
307,0.174
353,0.28
1028,0.315
2099,0.296
2017,0.235
2235,0.248
2538,0.247
2092,0.294
2253,0.273
3098,0.236
118,0.24
1679,0.232
884,0.162
885,0.163
1033,0.152
5180,0.357
2071,0.176
984,0.163
343,0.16
2214,0.155
2440,0.231
2539,0.224
1734,0.23
2217,0.235
222,0.348
330,0.322
189,0.164
2206,0.281
4850,0.285
1543,0.163
1546,0.158
1547,0.163
1029,0.247
1030,0.278
3128,0.231
2497,0.231
2166,0.2265
1769,0.247
1770,0.246
2165,0.245
2251,0.247
183,0.272
186,0.267
1957,0.271
377,0.23
184,0.236
1737,0.328
1035,0.236
4254,0.169
1418,0.167
2222,0.17
2402,0.258
986,0.171
1678,0.235
5089,0.239
2904,0.183
4945,0.26049999999999995
261,0.273
348,0.27
119,0.226
4122,0.232
5105,0.227
336,0.289
3141,0.301
2015,0.17
2199,0.276
2250,0.282
3131,0.237
3142,0.285
3143,0.287
3161,0.3
3162,0.283
4121,0.301
4125,0.281
4127,0.291
2069,0.246
3130,0.242
3132,0.255
960,0.248
4231,0.2395
4974,0.265
4272,0.152
1730,0.242
4255,0.189
1408,0.242
2090,0.235
1039,0.24
1034,0.234
4115,0.237
4124,0.244
1036,0.153
2433,0.239
1971,0.157
1409,0.155
3127,0.359
2434,0.231
375,0.159
376,0.158
2170,0.154
3133,0.154
373,0.159
374,0.158
378,0.17
4943,0.252
5192,0.161
3075,0.231
4949,0.239
2403,0.232
2512,0.1815
5092,0.233
4809,0.242
4810,0.239
4812,0.256
1422,0.266
1741,0.228
4972,0.299
4973,0.284
314,0.292
315,0.275
316,0.275
317,0.291
354,0.285
338,0.287
339,0.287
2245,0.288
2255,0.185
2419,0.259
1969,0.283
2100,0.298
2103,0.16
2070,0.244
3099,0.235
3072,0.232
1763,0.235
2424,0.319
1764,0.239
179,0.154
2976,0.232
1411,0.258
1412,0.255
1414,0.26
1415,0.255
1416,0.256
1527,0.252
1483,0.288
1484,0.288
1485,0.288
1486,0.291
1487,0.289
1488,0.29
1489,0.287
1490,0.289
1491,0.287
1492,0.289
1493,0.292
1494,0.288
3123,0.228
2441,0.231
313,0.241
1965,0.241
331,0.25
5061,0.243
2262,0.259
312,0.291
234,0.274
2263,0.29
2389,0.288
333,0.219
5125,0.236
347,0.219
2171,0.168
337,0.249
1680,0.23
3122,0.23
275,0.244
2435,0.24
4961,0.312
2016,0.248
5095,0.24
2499,0.255
3166,0.253
346,0.368
4117,0.238
2609a,0.171
2609b,0.28
2609c,0.305
2609d,0.287
2609e,0.278
2609f,0.276
2609g,0.262
2609h,0.288
2609i,0.274
2609j,0.329
2609k,0.309
2609l,0.169
2609m,0.283
2609n,0.176
2609o,0.288
2609p,0.168
2609q,0.171
2609r,0.244
2609s,0.261
2609t,0.288
2609u,0.089
2609v,0.161
2609w,0.301
2609x,0.17
5505a,0.169
5505b,0.293
5505c,0.295
5505d,0.293
5505e,0.291
5505f,0.28
5505g,0.258
5505h,0.279
5505i,0.272
5505j,0.322
5505k,0.304
5505l,0.17
5505m,0.285
5505n,0.184
5505o,0.288
5505p,0.169
5505q,0.186
5505r,0.267
5505s,0.276
5505t,0.283
5505u,0.093
5505v,0.165
5505w,0.299
5505x,0.167
5301a,0.249
5301b,0.252
5301c,0.249
5301d,0.247
5301e,0.245
5301f,0.241
5301g,0.242
5301h,0.295
5301i,0.296
5301j,0.237
5301k,0.245
5301l,0.246
5301m,0.25
5301n,0.296
5301o,0.299
5301p,0.289
5301q,0.303
5301r,0.301
5530a,0.241
5530b,0.245
5530c,0.247
5530d,0.244
5530e,0.25
5530f,0.287
5530g,0.291
5530h,0.242
5530i,0.245
5530j,0.246
5530k,0.249
5530l,0.314
5530m,0.314
5530n,0.313
5530o,0.318
5530p,0.316
5530q,0.315
5530r,0.472
5302a,0.241
5302b,0.246
5302c,0.248
5302d,0.245
5302e,0.25
5302f,0.329
5302g,0.329
5302h,0.246
5302i,0.245
5302j,0.243
5302k,0.242
5302l,0.314
5302m,0.313
5302n,0.314
5302o,0.317
5302p,0.316
5302q,0.467
2563a,0.241
2563b,0.24
2563c,0.283
2563d,0.276
2563e,0.282
2563f,0.284
2563g,0.291
2563h,0.344
2563i,0.352
288a,0.284
288b,0.186
288c,0.155
288d,0.293
4954a,0.14
4954b,0.18
4954c,0.24
4954d,0.22
4954e,0.22
4954f,0.14
4954g,0.22
4954h,0.23
4954i,0.35
4954j,0.21
4954k,0.27
4954l,0.26
4954m,0.22
4954n,0.18
4954o,0.2
4954p,0.18
905a,0.18
905b,0.11
905c,0.14
905d,0.18
905e,0.24
4789a,0.09
4789b,0.05
4789c,0.12
4789d,0.2
4789e,0.17
4789f,0.15
4789g,0.14
4789h,0.17
4789i,0.06
4789j,0.1
4789k,0.1
4789l,0.17
4789m,0.16
4789n,0.2
905f,0.19
905g,0.13
905h,0.15
905i,0.19
905j,0.27
905k,0.12
905l,0.14
905m,0.14
905n,0.15
5437,0.31
4791a,0.27
4179b,0.3
3146,0.222
3147,0.222
1545,0.142
1038,0.175
1429,0.268
3156,0.239
362,0.239
5056,0.241
5057,0.231
4120,0.238
181,0.327
1771,0.229
2037,0.232
2038,0.232
5024,0.231
4308,0.232
4199,0.293
4200,0.187
342,0.297
3134,0.226
2997,0.166
2998,0.251
2996,0.239
2226,0.245
3167,0.239
2612,0.256
3163,0.235
4260,0.251
4261,0.239
4258,0.256
3033,0.237
2406,0.235
2024,0.242
3064,0.237
2569,0.244
5108,0.248
4932,0.313
4259,0.251
2534,0.244
5106,0.245
5107,0.247
5097,0.245
351,0.251
965,0.289
1766,0.247
5098,0.246
4951,0.373
4952,0.355
4953,0.352
4946,0.242
4944,0.324
4947,0.241
4948,0.236
1860a,0.38
2610,0.357
1860b,0.296
1859,0.373
1860c,0.243
2506,0.253
1860e,0.262
1878,0.233
1860g,0.244
1860f,0.25
1860d,0.231
2505,0.222
2507,0.223
2067,0.275
2254,0.279
2256,0.216
2057,0.299
5194,0.235
1768,0.249
2611,0.253
2496,0.236
1396,0.168
5082,0.244
5083,0.246
1528,0.151
2999,0.287
2564,0.29
4133,0.279
4134,0.274
4135,0.276
3025,0.284
4942,0.247
2063,0.28300000000000003
5018,0.283
3148,0.243
5072,0.249
5019,0.248
4950,0.286
1765,0.212
964,0.283
1677,0.288
2980,0.283
2981,0.293
1992,0.289
1999,0.276
2036,0.29
2062,0.282
2064,0.272
2066,0.282
1708,0.29
2979,0.281
122,0.245
1998,0.247
2065,0.248
2051,0.251
1843,0.284
2975,0.271
2971,0.273
2974,0.274
1026,0.231
1861,0.296
1873,0.296
4919,0.166
1874,0.293
1995,0.28
1025,0.28
4807,0.296
3000,0.246
2985,0.281
3061,0.289
2624,0.251
3059,0.244
4930,0.243
5103,0.209
2061,0.345
4860,0.339
4861,0.343
1845,0.342
1846,0.357
4232,0.23
3157,0.239
1847,0.234
1848,0.226
1849,0.241
2186,0.229
4233,0.23
4234,0.219
4811,0.249
3158,0.18
4123,0.297
2227,0.239
2025,0.223
1767,0.247
1994,0.245
3160,0.185
2973,0.351
1993,0.233
5053,0.232
5036 no  brand,0.206
5030,0.208
5036,0.207
5064,0.281
1964,0.232
2060,0.287
3060,0.231
5012,0.27
334,0.165
2983,0.288
3030,0.288
1844,0.244
1875,0.241
1877,0.241
3018,0.242
3019,0.239
3021,0.237
3022,0.237
3023,0.237
3024,0.235
3029,0.239
3031,0.242
4119,0.244
2405,0.291
3039,0.3
3044,0.295
5015,0.288
5013,0.238
5014,0.242
5090,0.23
5059,0.23
5100,0.23
5102,0.231
5044,0.231
5058,0.229
5101,0.23
4116,0.24
5048,0.227
5055,0.226
3174,0.293
3135,0.18
2413,0.282
2568,0.294
1876,0.207
5047,0.217
2567,0.284
2244,0.214
5029,0.291
5094,0.228
5051,0.229
5062,0.2765
2056,0.29
1997,0.308
2442,0.246
5091,0.227
5086,0.265
5093,0.228
2562,0.243
2401,0.274
4304,0.242
1814,0.225
1812,0.23
2421,0.234
3034,0.222
5129,0.285
1018,0.344
2400,0.275
2052,0.246
2059,0.244
2185,0.245
2247,0.238
2248,0.241
5193,0.22
2508,0.248
1837,0.227
5060,0.229
5065,0.229
2392f,0.401
2392e,0.293
2392d,0.289
2392a,0.24
2392b,0.242
5034,0.282
2392g,0.249
883,0.336
2392c,0.229
5081,0.234
2520,0.277
1996,0.223
1841,0.236
1842,0.233
5085,0.248
2053,0.243
2397,0.3
2639f,0.362
2639c,0.253
2639d,0.239
2639e,0.274
2639a,0.24
2639g,0.274
5011,0.27
1413,0.226
2972,0.281
2054,0.246
3017,0.241
2398,0.288
3062,0.292
2246,0.313
5063,0.184
4996,0.193
4997,0.193
2984,0.292
2518,0.296
5005,0.286
2531,0.242
2530,0.243
5067,0.213
2970,0.284
2023,0.245
4210,0.24
5017,0.29
2529,0.245
2519,0.242
2527,0.244
5007,0.247
5008,0.246
5009,0.245
5010,0.244
2993,0.292
4305,0.221
4306,0.225
4225,0.215
2022,0.245
2135,0.288
2528,0.289
3187,0.297
5016,0.24
2532,0.24
2533,0.242
5006,0.241
2524,0.244
1830,0.244
3032,0.275
4933,0.142
4934,0.141
3035,0.29
5025,0.29
4226,0.208
1811,0.239
2982,0.267
4941,0.145
2384,0.293
2055,0.297
3159,0.289
5035,0.28
4302,0.243
4303,0.242
2526,0.247
2383,0.275
2388,0.279
2385,0.285
2386,0.287
2387,0.274
4906,0.247
2986,0.163
2292,0.176
13,0.182
2267,0.168
2268,0.168
2269,0.164
2270,0.169
2271,0.171
2273,0.166
2274,0.169
2275,0.164
2276,0.176
2277,0.179
2278,0.165
2280,0.175
2282,0.177
2283,0.174
2284,0.169
2285,0.171
2286,0.167
2287,0.17
2288,0.172
2289,0.169
2290,0.171
2291,0.174
2293,0.17
2294,0.176
2295,0.165
2296,0.17
2297,0.169
2298,0.169
11,0.363
1410,0.174
2308,0.17
209,0.176
2307,0.178
4165,0.168
2301,0.183
2502,0.289
2503,0.362
953,0.169
1827,0.173
2768,0.162
2769,0.168
2020,0.365
2004,0.322
2021,0.323
3005,0.126
1012,0.174
66,0.181
67,0.184
233,0.351
3054,0.181
68,0.181
3046,0.176
1395,0.18
1553,0.318
2299,0.35
2415,0.159
2416,0.165
2776,0.309
1832,0.184
2418,0.15
2414,0.358
3047,0.332
2929,0.316
1951,0.17
3045,0.163
253,0.293
108,0.167
1856,0.1815
2272,0.168
2279,0.165
2281,0.166
2483,0.163
2956,0.178
2961,0.169
1855,0.172
1857,0.165
1858,0.183
1864,0.18
1865,0.182
1866,0.171
1867,0.181
2957,0.175
931,0.323
943,0.309
2361,0.32
2459,0.329
2356,0.365
2391,0.172
2923,0.314
2357,0.194
936,0.263
2922,0.28
881,0.188
2764,0.166
2928,0.16
200,0.174
2765,0.1705
4835,0.18
2309,0.175
2602,0.129
2947,0.135
5149,0.1285
4990,0.153
54,0.132
5120,0.148
2102,0.262
4869,0.261
1501,0.145
1502,0.149
3168,0.172
322,0.279
99,0.154
2935,0.154
100,0.154
904a,0.12
904b,0.23
904c,0.11
904d,0.15
904e,0.15
904f,0.17
904g,0.13
904h,0.15
904i,0.17
904j,0.12
904k,0.11
904l,0.15
904m,0.13
904n,0.12
904o,0.13
904p,0.17
904q,0.16
904r,0.16
904s,0.16
904t,0.13
904u,0.16
904v,0.2
904w,0.17
904x,0.14
904y,0.09
904z,0.13
904aa,0.14
904bb,0.05
904cc,0.1
904dd,0.15
904ee,0.19
904ff,0.12
904gg,0.07
904hh,0.16
904ii,0.12
869a,0.172
869b,0.129
869c,0.346
869d,0.345
869e,0.332
869f,0.354
869g,0.302
869h,0.173
869i,0.197
869j,0.367
869k,0.323
5543a,0.171
5543b,0.126
5543c,0.347
5543d,0.356
5543e,0.335
5543f,0.358
5543g,0.308
5543h,0.173
5543i,0.191
5543j,0.364
5543k,0.308
5542a,0.165
5542b,0.127
5542c,0.338
5542d,0.344
5542e,0.331
5542f,0.357
5542g,0.303
5542h,0.168
5542i,0.195
5542j,0.352
5542k,0.301
5541a,0.17
5541b,0.128
5541c,0.352
5541d,0.37
5541e,0.347
5541f,0.357
5541g,0.313
5541h,0.17
5541i,0.194
5541j,0.359
5541k,0.314
5304a,0.338
5304b,0.351
5304c,0.3335
5304d,0.321
5304e,0.3995
5304f,0.4045
5304g,0.412
5304h,0.18
5304i,0.354
5304j,0.3505
5304k,0.352
5304l,0.3035
5304m,0.3225
5304n,0.301
5304o,0.3495
5304p,0.342
5304q,0.3475
5304r,0.339
5304s,0.1655
5304t,0.34550000000000003
5304u,0.3205
5304v,0.241
5304w,0.1675
5304x,0.177
5304y,0.3515
5304z,0.302
5436a,0.42
5436b,0.47
5436c,0.2
5436d,0.29
5436e,0.17
5413c,0.185
5413d,0.137
5413e,0.13
5413f,0.295
5413g,0.295
5413h,0.154
5413i,0.129
5413j,0.166
5413k,0.293
5413l,0.169
5413m,0.295
5413n,0.247
5413o,0.16
5413p,0.169
5413q,0.195
5413r,0.145
5413s,0.141
5413t,0.164
5413u,0.289
5413v,0.156
5413w,0.304
5413x,0.169
5413y,0.131
5413z,0.16
5413aa,0.126
5413bb,0.126
5413cc,0.121
5413dd,0.248
5413ee,0.167
5413ff,0.144
5441,0.14
305a,0.226
305b,0.126
305c,0.36
305d,0.367
305e,0.328
305f,0.347
305g,0.333
305h,0.167
305i,0.202
305j,0.369
305k,0.307
3195a,0.229
3195b,0.128
3195c,0.338
3195d,0.345
3195e,0.328
3195f,0.343
3195g,0.312
3195h,0.17
3195i,0.204
3195j,0.352
3195k,0.321
1756a,0.224
1756b,0.127
1756c,0.362
1756d,0.347
1756e,0.315
1756f,0.347
1756g,0.333
1756h,0.165
1756i,0.197
1756j,0.366
1756k,0.322
5472a,0.232
5472b,0.127
5472c,0.362
5472d,0.347
5472e,0.313
5472f,0.345
5472g,0.334
5472h,0.167
5472i,0.185
5472j,0.364
5472k,0.32
5508a,0.163
5508b,0.128
5508c,0.385
5508d,0.316
5508e,0.344
5508f,0.37
5508g,0.334
5508h,0.171
5508i,0.187
5508j,0.35
5508k,0.311
304a,0.166
304b,0.131
304c,0.384
304d,0.333
304e,0.178
304f,0.352
304g,0.337
304h,0.169
304i,0.214
304j,0.357
304k,0.321
2086a,0.24
2086b,0.264
2086c,0.348
2086d,0.364
2086e,0.172
2086f,0.353
2086h,0.243
2086i,0.238
2086j,0.16
2086k,0.171
5463a,0.318
5463b,0.351
5463c,0.306
5463d,0.163
5463e,0.163
5463f,0.332
5463g,0.333
5463h,0.363
5463i,0.301
5463j,0.176
5463k,0.333
5463l,0.366
5463m,0.354
5463n,0.326
5463o,0.297
5463p,0.18
5463q,0.314
5463r,0.324
5463s,0.159
5463t,0.391
5463u,0.295
5463v,0.256
5463w,0.357
5463x,0.366
5502a,0.312
5502b,0.342
5502c,0.297
5502d,0.16
5502e,0.268
5502f,0.329
5502g,0.373
5502h,0.308
5502i,0.176
5502j,0.332
5502k,0.361
5502l,0.351
5502m,0.33
5502n,0.303
5502o,0.183
5502p,0.317
5502q,0.343
5502r,0.157
5502s,0.383
5502t,0.308
5502u,0.237
5502v,0.37
5502w,0.36
5169a,0.346
5169b,0.343
5169c,0.332
5169d,0.317
5169e,0.401
5169f,0.407
5169g,0.409
5169h,0.18
5169i,0.345
5169j,0.351
5169k,0.342
5169l,0.302
5169m,0.327
5169n,0.339
5169o,0.335
5169p,0.348
5169q,0.295
5169r,0.333
5169s,0.164
5169t,0.343
5169u,0.321
5169v,0.242
5169w,0.165
5169x,0.178
5169y,0.343
5169z,0.304
5464a,0.153
5464b,0.163
5464c,0.226
5464d,0.291
5464e,0.279
5464f,0.299
5464g,0.296
5464h,0.308
5464i,0.325
5464j,0.309
5464k,0.324
5464l,0.259
5464m,0.27
5464n,0.337
5464o,0.331
5464p,0.298
5464q,0.299
5464r,0.341
5464s,0.176
5464t,0.315
5464u,0.311
5464v,0.304
5464w,0.302
5464x,0.304
5464y,0.277
5464z,0.28
5464aa,0.305
5464bb,0.307
5464cc,0.297
5464dd,0.301
5464ee,0.305
5464ff,0.309
5464gg,0.289
5464hh,0.292
5464ii,0.159
5464jj,0.16
5464kk,0.163
5464ll,0.316
5464mm,0.301
5464nn,0.306
5464oo,0.149
1456,0.222
4837,0.293
2575,0.178
5137,0.292
4959,0.172
1822,0.167
1002,0.294
2587,0.154
2588,0.27
2589,0.272
4113,0.154
2856,0.269
1380,0.178
1382,0.143
1381,0.177
1745,0.19
4282,0.136
4799,0.125
2111,0.256
2484,0.165
2485,0.178
90,0.151
998,0.162
2114,0.153
2115,0.166
1746,0.294
3204,0.134
3206,0.135
3209,0.19
4838,0.28
4795,0.335
4796,0.259
2920,0.165
25,0.168
3203,0.284
5122,0.166
5141,0.163
2117,0.145
5532a,0.12
5532b,0.15
5532c,0.23
5532d,0.34
5532e,0.28
5532f,0.25
5532g,0.3
5532h,0.18
5532i,0.26
5532j,0.41
5532k,0.34
5532l,0.21
5532m,0.31
5532n,0.4
5532o,0.34
5532p,0.61
5532q,0.19
5533a,0.19
5533b,0.28
5533c,0.41
5533d,0.38
5533e,0.34
5533f,0.26
5533g,0.41
5533h,0.25
5533i,0.25
5533j,0.34
5533k,0.31
5533l,0.36
5533m,0.28
5533n,0.36
5533o,0.35
5533p,0.55
5533q,0.24
1988,0.313
950,0.312
1947,0.17
3003,0.175
1955,0.171
3006,0.35
1977,0.34
1980,0.362
1974,0.295
1975,0.182
1987,0.348
1976,0.33
5127,0.178
1531,0.175
1532,0.173
1534,0.174
1979,0.177
4801,0.176
2306,0.335
2777,0.172
3104,0.174
3105,0.165
2761,0.28
2604,0.173
2112,0.184
1781,0.186
97,0.169
4846,0.308
92,0.161
4175,0.171
1753,0.348
4273,0.17
5511a,0.27
5511b,0.34
5511c,0.19
5511d,0.36
5511e,0.41
5511f,0.34
5511g,0.26
5511h,0.25
5511i,0.4
5511j,0.34
5511k,0.32
5511l,0.44
5511m,0.21
877a,0.14
877b,0.31
877c,0.21
877d,0.27
877e,0.29
877f,0.25
877g,0.24
877h,0.28
877i,0.23
877j,0.27
877k,0.36
877l,0.26
877m,0.36
877n,0.45
877o,0.33
877p,0.44
877q,0.43
877r,0.71
877s,0.19
5168,0.154
2007,0.152
2009,0.146
971,0.152
997,0.298
2583,0.165
359,0.276
1000,0.332
2451,0.142
5032,0.149
2167,0.151
4794,0.153
2008,0.156
2173,0.262
2010,0.152
5166,0.308
1447,0.149
1448,0.148
1455,0.15
1460,0.157
1457,0.157
2571,0.226
2582,0.207
2572,0.216
2576,0.216
2581,0.225
2573,0.204
2574,0.277
2577,0.182
2579,0.242
2580,0.255
2578,0.292
2584,0.18
2592,0.294
5152,0.159
1021,0.17
2936,0.177
858,0.157
1449,0.22
5531a,0.2
5531b,0.15
5531c,0.23
5531d,0.34
5531e,0.33
5531f,0.3
5531g,0.28
5531h,0.3
5531i,0.26
5531j,0.2
5531k,0.27
5531l,0.37
5531m,0.3
5531n,0.39
5531o,0.41
5531p,0.45
5531q,0.29
5540a,0.16
5540b,0.15
5540c,0.18
5540d,0.31
5540e,0.35
5540f,0.32
5540g,0.37
5540h,0.35
5540i,0.38
5540j,0.35
5540k,0.31
5540l,0.25
5540m,0.32
5540n,0.33
5540o,0.37
5540p,0.28
5540q,0.34
5540r,0.34
5540s,0.59
5540t,0.22
4793a,0.314
4793b,0.316
4973c,0.284
4793d,0.281
4793e,0.324
4793f,0.318
4793g,0.286
4793h,0.289
4783i,0.314
4783j,0.28
4783k,0.328
5431a,0.288
5431b,0.16
5431c,0.166
5431d,0.288
5431e,0.329
5431f,0.384
5431g,0.325
5431h,0.327
5431i,0.385
5431j,0.323
5431k,0.292
5431l,0.184
5431m,0.323
5431n,0.32
5431o,0.173
5431p,0.382
5431q,0.292
5431r,0.247
5431s,0.377
5431t,0.379
301a,0.131
301b,0.338
301c,0.177
301d,0.369
301e,0.198
301f,0.362
301g,0.39
301h,0.347
301i,0.195
301j,0.426
301k,0.363
4781a,0.184
4781b,0.301
4781c,0.314
4781d,0.298
4781e,0.183
4781g,0.31
4781h,0.31
4781i,0.299
4781j,0.364
4781k,0.301
4781l,0.295
4781m,0.352
4781n,0.376
4781o,0.302
4781p,0.312
4781q,0.255
4781r,0.355
4781s,0.355
5527b,0.346
5527c,0.352
5527d,0.386
5527e,0.366
5527f,0.307
5527g,0.129
5527h,0.338
5527i,0.363
5527j,0.171
5527k,0.357
5527l,0.334
5527m,0.163
5527n,0.337
5527o,0.346
5527p,0.311
5527q,0.195
5527r,0.343
5527s,0.3
5527t,0.372
5527u,0.315
5527v,0.149
5527w,0.172
5527x,0.329
5527y,0.339
5527z,0.347
5527aa,0.173
5527bb,0.341
5527cc,0.173
5527dd,0.301
5527ee,0.233
5527ff,0.241
5527gg,0.185
5527hh,0.126
5527ii,0.171
5527jj,0.178
5527kk,0.168
5527ll,0.338
5527mm,0.333
5527nn,0.169
5544a,0.172
5544b,0.128
5544c,0.348
5544d,0.349
5544e,0.342
5544f,0.366
5544g,0.305
5544h,0.176
5544i,0.189
5544j,0.356
5544k,0.299
901a,0.349
901b,0.35
901c,0.36
901d,0.389
901e,0.361
901f,0.319
901g,0.128
901h,0.332
901i,0.374
901j,0.168
901k,0.354
901l,0.331
901m,0.166
901n,0.325
901o,0.343
901p,0.309
901q,0.191
901r,0.347
901s,0.308
901t,0.339
901u,0.31
901v,0.146
901w,0.172
901x,0.374
901y,0.335
901z,0.345
901aa,0.177
901bb,0.335
901cc,0.172
901dd,0.304
901ee,0.233
901ff,0.244
901gg,0.189
901hh,0.126
901ii,0.169
901jj,0.176
901kk,0.17
901ll,0.337
901mm,0.333
901nn,0.172
5528a,0.348
5528b,0.354
5528c,0.353
5528d,0.386
5528e,0.369
5528f,0.316
5528g,0.129
5528h,0.331
5528i,0.366
5528j,0.171
5528k,0.353
5528l,0.33
5528m,0.166
5528n,0.323
5528o,0.337
5528p,0.335
5528q,0.196
5528r,0.345
5528s,0.303
5528t,0.372
5528u,0.309
5528v,0.147
5528w,0.169
5528x,0.332
5528y,0.337
5528z,0.35
5528aa,0.175
5528bb,0.339
5528cc,0.176
5528dd,0.305
5528ee,0.232
5528ff,0.237
5528gg,0.186
5528hh,0.126
5528ii,0.171
5528jj,0.175
5528kk,0.168
5528ll,0.341
5528mm,0.332
5528nn,0.173
2089a,0.22
2089b,0.3
2089c,0.31
2089d,0.34
2089e,0.29
2089f,0.36
2089g,0.13
2089h,0.2
2089i,0.24
2089j,0.22
2089k,0.31
2089l,0.29
2089m,0.08
2089n,0.13
2089o,0.12
2089p,0.22
2089r,0.17
2089s,0.26
2089t,0.18
2089u,0.19
2089v,0.28
2089w,0.24
2089x,0.17
2089y,0.16
2089z,0.2
2089aa,0.39
2089bb,0.32
2089cc,0.22
2089dd,0.27
2089ee,0.29
2089ff,0.23
2089gg,0.26
2089hh,0.2
2632,0.305
2381,0.331
1001,0.161
983,0.353
1004,0.343
5003,0.355
4162,0.156
4201,0.177
2228,0.358
4228,0.167
1423,0.188
1420,0.329
4821,0.353
4227,0.363
1688,0.347
4999,0.178
1792,0.35
2179,0.276
912,0.356
2566,0.352
4190,0.182
4219,0.178
4220,0.182
4237,0.181
4249,0.182
916,0.213
59,0.174
103,0.353
1758,0.344
1761,0.351
2636,0.161
861,0.367
915,0.188
318,0.174
392,0.16
2169,0.156
61,0.158
63,0.171
64,0.166
2105,0.292
2453,0.27
4213,0.23
2378,0.174
1724,0.166
1725,0.168
1726,0.168
1482,0.36
4875,0.155
2966,0.273
4276,0.333
4277,0.166
4278,0.161
4823,0.19
4824,0.179
4826,0.182
4828,0.178
2302,0.195
4844,0.364
4298,0.173
4842,0.188
4843,0.181
4825,0.339
1525,0.347
4827,0.323
4822,0.173
4820,0.338
4829,0.335
1794,0.355
1729,0.09
909,0.175
1850,0.17
2330,0.169
2331,0.167
2344,0.169
2346,0.167
1851,0.366
2325,0.366
2345,0.36
2333,0.201
2321,0.365
60,0.152
1757,0.17
1759,0.159
1760,0.163
4148,0.174
2379,0.18
2380,0.175
2561,0.184
2565,0.163
4188,0.327
1834,0.338
1853,0.167
4215,0.177
4221,0.178
4256,0.176
250,0.354
4235,0.173
94,0.349
2336,0.168
2332,0.196
2334,0.202
2341,0.193
2342,0.197
2324,0.169
2337,0.366
215,0.371
2343,0.378
2323,0.369
2326,0.358
3107,0.162
2026,0.164
2752,0.175
5136,0.167
1785,0.267
1782,0.164
3103,0.272
1791,0.261
1838,0.265
3016,0.168
2382,0.312
2223,0.157
4194,0.16
5157,0.183
972,0.164
923,0.304
3216,0.178
4189,0.174
4839,0.173
4271,0.169
3210,0.151
3211,0.146
3212,0.165
2750,0.176
1755,0.124
252,0.353
2340,0.166
365,0.365
390,0.37
2316,0.176
2335,0.177
5197,0.371
2338,0.319
251,0.392
2329,0.372
4224,0.161
369,0.162
2136,0.17
2137,0.168
2138,0.176
2140,0.169
2005,0.287
2351,0.266
2429,0.176
2430,0.18
2000,0.26
2456,0.19
5040,0.153
2348,0.182
2349,0.184
2350,0.183
2127,0.1565
2347,0.165
201,0.169
5113,0.161
1717,0.16
1718,0.17
1719,0.155
1720,0.161
1721,0.161
1722,0.161
1723,0.158
2177,0.166
2178,0.167
1754,0.121
113,0.368
2183,0.333
2182,0.353
2230,0.179
4888,0.176
4889,0.165
65,0.175
4902,0.13
859,0.172
918,0.168
1854,0.166
2613,0.171
2614,0.171
2615,0.175
2616,0.166
2617,0.178
2619,0.169
1872,0.373
2098,0.357
2317,0.349
1828,0.352
2097,0.36
966,0.106
91,0.165
1454,0.16
83,0.187
85,0.178
2093,0.182
2454,0.278
2458,0.272
2620,0.239
2431,0.264
2427,0.268
2428,0.279
80,0.175
3043,0.129
3067,0.284
2156,0.182
2221,0.155
2229,0.156
4214,0.184
990,0.332
989,0.173
2,0.176
2314,0.348
84,0.177
1499,0.176
2027,0.179
2883,0.181
88,0.297
2642,0.175
2603,0.154
5038,0.311
1496,0.163
2921,0.175
140,0.261
1495,0.169
860,0.359
4938,0.289
236,0.362
124,0.179
2315,0.366
2106,0.19
957,0.182
955,0.374
2313,0.36
2760,0.18
2884,0.175
2886,0.178
2046,0.355
2780,0.299
1497,0.339
210,0.38
2888,0.329
4216,0.183
4217,0.181
4223,0.18
223,0.358
226,0.369
1500,0.164
48,0.161
363,0.355
133,0.348
191,0.173
864,0.186
1793,0.175
1797,0.1845
2096,0.177
2189,0.179
2407,0.337
2408,0.178
2410,0.338
2107,0.189
320,0.179
145,0.172
1425,0.1735
4167,0.348
5413a,0.129
5413b,0.286
3194,0.268
5439,0.288
5438,0.273
5001,0.15
5411a,0.21
5411b,0.17
5411c,0.2
5411d,0.19
5411e,0.26
5411f,0.18
5411g,0.14
5411h,0.13
5411i,0.19
5411j,0.18
5411k,0.16
507a,0.28
507b,0.21
507c,0.16
507d,0.23
38,0.347
40,0.351
949,0.337
2443,0.286
2767,0.166
32,0.167
33,0.167
34,0.299
1984,0.177
5033,0.306
1982,0.167
129,0.155
219,0.164
220,0.168
1986,0.328
928,0.184
1978,0.305
1530,0.33
1535,0.314
2373,0.172
2374,0.181
2595,0.184
2596,0.177
1989,0.183
4907,0.265
2461,0.143
2464,0.174
1879a,0.184
1879b,0.33
1879c,0.186
1879d,0.183
1879e,0.314
1879f,0.336
1879g,0.177
1879h,0.331
1879i,0.338
1879j,0.187
1879k,0.313
1879l,0.347
1879m,0.331
1879n,0.358
1879o,0.304
1879p,0.399
1879q,0.211
1879r,0.153
1879s,0.292
1879t,0.311
1879u,0.311
3189a,0.1
3189b,0.12
3189c,0.11
3189d,0.12
3189e,0.16
3189f,0.1
3189g,0.12
3189h,0.1
3189i,0.21
3189j,0.14
3189k,0.14
3189l,0.13
2211j,0.225
2211k,0.228
2211l,0.254
2211m,0.198
2211n,0.226
2211o,0.231
2211p,0.244
2211q,0.19
2211r,0.196
4903k,0.24
4903l,0.237
4903m,0.242
4784a,0.13
4784b,0.22
4784c,0.18
4784d,0.18
4784e,0.11
4784f,0.28
4784g,0.18
4784h,0.33
4784i,0.19
4784j,0.18
4784k,0.19
4784l,0.24
4784m,0.26
4784n,0.12
4784o,0.13
4784p,0.16
4784q,0.16
4784r,0.14
4784s,0.14
4784t,0.23
4784u,0.17
4784v,0.15
4784w,0.24
4784x,0.16
4784y,0.31
4784z,0.19
4784aa,0.16
4784bb,0.12
4784cc,0.15
4784dd,0.16
4784ee,0.16
4784ff,0.21
4784gg,0.21
4784hh,0.27
3191a,0.147
3191b,0.173
3191c,0.33
3191d,0.359
3191e,0.181
3191f,0.17
3191g,0.348
3191h,0.374
3191i,0.348
3191j,0.196
5444a,0.27
5444b,0.23
5444c,0.27
5444d,0.3
5444e,0.21
5444f,0.36
5444g,0.2
5444h,0.15
5444i,0.2
5444j,0.28
5444k,0.28
5444l,0.11
5538a,0.18
5538b,0.13
5538c,0.15
5538d,0.3
5538e,0.31
5538f,0.28
5538g,0.28
5538h,0.32
5538i,0.32
5538j,0.34
5538k,0.32
5538l,0.33
5538m,0.25
5538n,0.27
5538o,0.41
5538p,0.28
5538q,0.36
5538r,0.39
5538s,0.61
5538t,0.33
5539a,0.16
5539b,0.11
5539c,0.14
5539d,0.29
5539e,0.3
5539f,0.29
5539g,0.27
5539h,0.35
5539i,0.34
5539j,0.34
5539k,0.3
5539l,0.34
5539m,0.27
5539n,0.32
5539o,0.43
5539p,0.3
5539q,0.35
5539r,0.42
5539s,0.6
5539t,0.33
5537a,0.16
5537b,0.12
5537c,0.17
5537d,0.33
5537e,0.33
5537f,0.31
5537g,0.29
5537h,0.34
5537i,0.35
5537j,0.34
5537k,0.32
5537l,0.33
5537m,0.25
5537n,0.28
5537o,0.36
5537p,0.27
5537q,0.35
5537r,0.41
5537s,0.58
5537t,0.31
1880a,0.15
1880b,0.11
1880c,0.16
1880d,0.11
1880e,0.15
1880f,0.1
1880g,0.11
1880h,0.13
1880i,0.11
1880j,0.13
1880k,0.14
1880l,0.1
1880m,0.16
1880n,0.16
1880o,0.16
1880p,0.16
1880q,0.12
1880r,0.15
1880s,0.12
1880t,0.14
1880u,0.11
1880v,0.13
1880w,0.15
1880x,0.11
1880y,0.14
4790a,0.15
4790b,0.14
4790c,0.15
4790d,0.09
4790e,0.16
4790f,0.15
4790g,0.11
4790h,0.12
4790j,0.14
4790k,0.1
4790l,0.09
4790m,0.12
4790n,0.12
4790o,0.13
4790q,0.15
4790r,0.15
4790s,0.1
4790t,0.1
4790u,0.18
2319a,0.11
2319b,0.17
2319c,0.12
2319d,0.14
2319e,0.17
2319f,0.11
2319g,0.15
2319h,0.12
2319i,0.07
2319j,0.16
2319k,0.26
2319l,0.2
2319m,0.25
2319n,0.21
2319o,0.31
2319p,0.3
2319q,0.14
2319r,0.18
2319s,0.2
2319t,0.22
2319u,0.3
2319v,0.26
2319w,0.32
2319x,0.11
2319y,0.3
2319z,0.28
2319aa,0.14
2319bb,0.18
2319cc,0.389
2319dd,0.377
2319ee,0.378
2594,0.158
5160,0.168
925,0.175
921,0.161
1019,0.277
1020,0.314
1701,0.178
1705,0.205
1681,0.166
4182,0.342
1818,0.261
1391,0.167
1944,0.172
1439,0.314
4164,0.314
4174,0.181
4797,0.138
4798,0.14
4960,0.288
2927,0.286
2918,0.168
4238,0.166
4239,0.157
2924,0.287
2370,0.164
1983,0.163
1503,0.167
31,0.167
357,0.285
358,0.278
39,0.175
36,0.319
37,0.36
69,0.324
5509a,0.237
5509b,0.264
5509c,0.349
5509d,0.374
5509e,0.173
5509f,0.355
5509h,0.241
5509i,0.242
5509j,0.165
5509k,0.17
17a,0.173
17b,0.191
17c,0.16
17d,0.186
17e,0.295
17f,0.299
17g,0.282
17h,0.266
17i,0.17
17j,0.3
17k,0.277
17l,0.265
17m,0.28
17n,0.298
17o,0.299
17p,0.276
17q,0.271
3201a,0.175
3201b,0.202
3201c,0.178
3201d,0.192
3201e,0.303
3201f,0.291
3201g,0.275
3201h,0.266
3201i,0.176
3201j,0.291
3201k,0.283
3201n,0.297
3201o,0.289
3201p,0.289
3201q,0.279
3197a,0.334
3197b,0.333
3197c,0.4005
3197d,0.3995
3197e,0.414
3197f,0.1775
3197g,0.349
3197h,0.351
3197i,0.303
3197j,0.338
3197k,0.348
3197l,0.3465
3197m,0.293
3197n,0.338
3197o,0.165
3197p,0.3405
3197q,0.3085
3197r,0.23249999999999998
3197s,0.166
3197t,0.181
3197u,0.3465
3197v,0.303
875a,0.311
875b,0.291
875c,0.342
875d,0.325
875e,0.337
875f,0.184
875g,0.187
875h,0.317
875i,0.319
875j,0.338
875k,0.31
875l,0.181
875m,0.362
875n,0.31
875o,0.359
875p,0.308
875q,0.307
875r,0.308
875s,0.368
875t,0.207
875u,0.13
2372s,0.314
2372t,0.364
2372u,0.365
2372v,0.351
2372y,0.397
2372z,0.436
2372aa,0.326
2372ee,0.176
2372ff,0.365
2372hh,0.336
2372ii,0.338
2372jj,0.124
2372kk,0.353
2372ll,0.167
2372oo,0.183
2372a,0.177
2372b,0.308
2372e,0.332
2372f,0.343
2372h,0.17
2372i,0.335
2372j,0.174
2372k,0.356
2372l,0.175
2372m,0.362
2372o,0.339
2372r,0.318
2372cc,0.33
2372w,0.387
2372mm,0.353
2372g,0.331
2372d,0.364
2372c,0.347
2372nn,0.316
2372x,0.358
2372n,0.349
2372gg,0.359
2372bb,0.362
2372q,0.153
2372p,0.121
5165i,0.365
5165n,0.35
2075x,0.301
2075y,0.278
2075z,0.527
2087v,0.314
2087w,0.313
2087x,0.502
2077a,0.331
2077b,0.329
2077c,0.3
2077d,0.318
2077e,0.335
2077f,0.34
2077g,0.181
2077i,0.1855
2077k,0.346
2077l,0.284
2077m,0.306
2077n,0.314
2077o,0.352
2077p,0.307
2077q,0.316
2077r,0.34
2083a,0.271
2083b,0.249
2083c,0.167
2083d,0.271
2083e,0.302
2083f,0.277
2083g,0.295
2083h,0.155
2083i,0.187
2083j,0.339
2083k,0.264
2083l,0.268
2083m,0.312
2083n,0.275
2083o,0.263
2083p,0.157
2083q,0.255
2083r,0.297
2641a,0.289
2641b,0.283
2641c,0.293
2641d,0.296
2641e,0.261
2641f,0.17
2641g,0.287
2641h,0.272
2641i,0.327
2641j,0.283
2641k,0.276
2641l,0.282
2641m,0.322
2641n,0.281
2074a,0.293
2074b,0.159
2074c,0.161
2074d,0.287
2074e,0.319
2074f,0.303
2074g,0.316
2074h,0.291
2074i,0.258
2074j,0.29
2074k,0.189
2074l,0.289
2074m,0.384
2074n,0.263
2074o,0.256
2074p,0.3
2074q,0.284
2074r,0.277
2074s,0.346
2074t,0.439
5410a,0.417
5410b,0.341
5410c,0.351
5410d,0.299
5410e,0.338
5410f,0.182
5410g,0.346
5410h,0.346
5410i,0.35
5410j,0.3
5410k,0.336
5410l,0.358
5410m,0.335
5410n,0.341
5410o,0.294
5410p,0.336
5410q,0.167
5410r,0.35
5410s,0.311
5410t,0.237
5410u,0.167
5410v,0.17
5410w,0.18
5410x,0.359
5410y,0.306
5410z,0.135
5410aa,0.17
5303a,0.165
5303b,0.304
5303c,0.316
5303d,0.301
5303e,0.181
5303f,0.317
5303g,0.322
5303h,0.193
5303i,0.295
5303j,0.376
5303k,0.375
5303l,0.29
5303m,0.364
5303n,0.372
5303o,0.294
5303p,0.315
5303q,0.226
5303r,0.361
5303s,0.364
5170a,0.318
5170b,0.272
5170c,0.174
5170d,0.295
5170e,0.284
5170f,0.296
5170g,0.275
5170h,0.27
5170i,0.271
5170j,0.261
5170k,0.33
5170l,0.332
5170m,0.337
5170n,0.282
5170o,0.158
5170p,0.276
5170q,0.158
5170r,0.294
5170s,0.292
5170t,0.187
5170u,0.291
5170v,0.172
5170w,0.271
5170x,0.265
5170y,0.157
5170z,0.292
5170aa,0.09
5170bb,0.162
5170cc,0.165
5170dd,0.157
5170ee,0.164
5170ff,0.249
5170gg,0.267
5170hh,0.276
3198b,0.354
3198c,0.356
3198d,0.178
3198e,0.357
3198f,0.366
3198g,0.183
3198h,0.331
3198i,0.171
3198j,0.353
3198k,0.412
3198l,0.359
3198m,0.133
3198n,0.174
3198o,0.337
3198p,0.344
3198q,0.373
3198r,0.352
3198s,0.385
3198t,0.404
3198u,0.396
3198v,0.373
3198w,0.356
3198x,0.407
3198y,0.363
3198z,0.181
3198aa,0.373
3198bb,0.426
3198cc,0.355
3198dd,0.336
3198ee,0.187
3198ff,0.369
3198gg,0.341
3198hh,0.368
3198ii,0.366
3198jj,0.14
3198kk,0.373
3198ll,0.187
3198mm,0.355
3198nn,0.345
3198oo,0.189
3198pp,0.222
3198qq,0.141
3202a,0.124
3202b,0.337
3202c,0.352
3202d,0.333
3202e,0.164
3202f,0.351
3202g,0.364
3202h,0.288
3202i,0.372
3202j,0.385
3202k,0.19
3202l,0.329
3202m,0.369
3202n,0.193
3202o,0.433
3202p,0.366
3202q,0.377
3202r,0.344
3202s,0.424
3202t,0.333
2142a,0.297
2142b,0.363
2142c,0.407
2142d,0.181
2142e,0.379
2142f,0.353
2142g,0.39
2142h,0.184
2142i,0.171
2142j,0.282
2142k,0.283
2142l,0.285
2142m,0.15
2142n,0.12
2142o,0.275
2142p,0.303
2142q,0.277
2142r,0.298
2142s,0.339
2142t,0.282
2142u,0.27
2142v,0.325
2142w,0.278
2142x,0.314
2142y,0.11
2142z,0.13
2142aa,0.11
2142bb,0.15
2142dd,0.13
2142ee,0.13
2142ff,0.14
2142gg,0.09
2142hh,0.166
2142ii,0.295
2142jj,0.246
2142kk,0.248
2142ll,0.255
2142mm,0.15
2142nn,0.23
2142oo,0.27
2142pp,0.17
1023a,0.172
1023b,0.33
1023c,0.334
1023d,0.403
1023e,0.137
1023f,0.373
1023g,0.382
1023h,0.364
1023i,0.329
1023j,0.353
1023k,0.356
1023l,0.396
1023m,0.357
1023n,0.184
1023o,0.242
1023p,0.375
1023q,0.38
1023r,0.364
1023s,0.191
1023t,0.162
1023u,0.311
1023v,0.334
1023w,0.406
2113,0.169
2119,0.15
1786,0.147
2645,0.152
5121,0.159
3205,0.158
2122,0.162
2125,0.14
2480,0.152
2123,0.153
2522,0.161
3208,0.149
3015,0.27
5151,0.15
2124,0.148
4804,0.156
2118,0.293
994,0.303
1788,0.168
4939,0.148
1397,0.151
5148,0.224
2644,0.285
4936,0.145
2599,0.155
1743,0.146
1223,0.146
2646,0.298
999,0.151
1003,0.145
1981,0.14
4877,0.283
2121,0.15
939,0.144
2482,0.147
937,0.165
1504,0.163
5140,0.19
2447,0.155
2446,0.373
922,0.285
2444,0.282
2445,0.289
1985,0.153
5512a,0.2
5512b,0.33
5512c,0.32
5512d,0.23
5512e,0.36
5512f,0.28
5512g,0.27
5512h,0.32
5512i,0.36
5512j,0.34
5512k,0.31
5512l,0.44
5512m,0.19
4185,0.342
9,0.176
862,0.449
4299,0.285
4874,0.287
153,0.312
283,0.315
935,0.294
2955,0.3
4300,0.319
4301,0.348
4927,0.306
1400,0.337
1401,0.328
1751,0.169
1752,0.135
4168,0.339
2390,0.166
2919,0.176
4911a,0.11
4911b,0.15
4911c,0.17
4911d,0.3
4911e,0.26
4911f,0.15
4911g,0.21
4911h,0.19
4911i,0.16
4911j,0.22
4199k,0.22
4199l,0.12
4912a,0.281
4912b,0.291
4912c,0.294
4912d,0.31
4912e,0.318
4912f,0.327
4912g,0.261
4912h,0.265
4912i,0.329
4912j,0.306
4912k,0.347
4912l,0.31
4912m,0.307
4912n,0.348
4912o,0.18
4912p,0.312
4912q,0.316
4912r,0.299
4912s,0.31
4912t,0.297
4912u,0.275
4912v,0.286
4912w,0.318
4912x,0.304
4912y,0.302
4912z,0.301
4912aa,0.303
4912bb,0.306
4912cc,0.289
4912dd,0.283
4912ee,0.161
4912ff,0.163
4912gg,0.314
4912hh,0.302
4912ii,0.331
4912jj,0.147
5445,0.267
5446,0.312
1006a,0.14
1006b,0.17
1006c,0.16
1006d,0.19
1006e,0.38
1006f,0.24
1006g,0.33
1006h,0.27
1006i,0.29
1006j,0.35
1006k,0.39
1006l,0.19
1006m,0.13
1006n,0.15
1006o,0.22
1006p,0.27
2085a,0.177
2085b,0.1735
2085c,0.31
2085d,0.281
2085e,0.3205
2085f,0.304
2085g,0.3155
2085h,0.2895
2085i,0.3335
2085j,0.334
2085k,0.2755
2085l,0.3165
3150,0.381
401,0.179
16,0.38
399,0.257
1403,0.286
1948,0.182
2605,0.338
1011,0.163
1015,0.162
1529,0.323
967,0.181
3053,0.18
2181,0.28
3048,0.31
1835,0.167
2300,0.333
2417,0.179
2525,0.356
3050,0.168
117,0.308
2940,0.183
2925,0.163
105,0.155
328,0.169
1040,0.184
2472,0.175
2926,0.165
2930,0.178
2959,0.162
2963,0.18
2358,0.255
973,0.376
4269,0.184
1424,0.205
2375,0.287
4279,0.179
229,0.191
154,0.184
112,0.192
150,0.177
4246,0.344
4780,0.348
1404,0.173
4830,0.371
4831,0.36
158,0.169
1972,0.172
161,0.179
5138,0.279
2471,0.179
2469,0.175
2470,0.169
1442,0.336
15,0.348
1475,0.16
2014,0.16
2477,0.326
1556,0.343
2039,0.327
2475,0.347
2478,0.328
4275,0.344
244,0.349
1690,0.174
3115,0.343
3116,0.333
3117,0.324
239,0.371
240,0.351
1010,0.339
1013,0.337
1014,0.317
1016,0.354
1017,0.313
2473,0.345
2474,0.348
2931,0.329
2932,0.343
1689,0.19
5158,0.326
5159,0.322
2175,0.169
2176,0.17
4291,0.175
4292,0.158
269,0.174
270,0.168
325,0.167
326,0.164
1685,0.173
1687,0.181
1800,0.185
2188,0.185
2194,0.175
2224,0.169
2362,0.163
2363,0.16
2364,0.173
2476,0.169
2545,0.172
2766,0.165
2962,0.175
146,0.326
2013,0.169
182,0.36
203,0.315
204,0.351
187,0.17
4833,0.186
4832,0.175
4880,0.286
114,0.321
294,0.362
2068,0.178
249,0.363
2748,0.35
4270,0.167
1799,0.17
1798,0.178
207,0.159
136,0.176
137,0.177
345,0.17
400,0.166
1817,0.283
1820,0.305
4192,0.312
3063,0.341
1840,0.325
1941,0.328
82,0.172
216,0.178
241,0.169
242,0.175
243,0.167
1009,0.179
2231,0.316
81,0.344
1852,0.377
2232,0.359
402,0.166
4293,0.175
4802,0.176
104,0.169
106,0.173
134,0.176
135,0.175
159,0.185
206,0.165
1682,0.173
1683,0.173
1684,0.168
1686,0.174
1945,0.175
1946,0.174
2190,0.172
2191,0.163
2960,0.179
4144,0.172
4145,0.174
4146,0.179
1825,0.166
995,0.164
1824,0.165
2964,0.365
1676,0.183
2354,0.321
2455,0.275
2457,0.277
2355,0.17
1393,0.175
1394,0.178
2126,0.164
1823,0.163
152,0.168
208,0.174
1537,0.178
1538,0.18
5039,0.169
5041,0.161
2128,0.157
5117,0.179
5128,0.19
938,0.179
4211,0.194
4295,0.336
1802,0.171
1803,0.166
1806,0.347
1809,0.159
1810,0.167
2030,0.165
2031,0.157
2032,0.17
2033,0.165
962,0.172
2618,0.316
4879,0.175
2621,0.352
2880,0.186
1383,0.345
266,0.171
4198,0.177
4290,0.172
4294,0.171
265,0.178
267,0.177
268,0.171
271,0.176
1406,0.181
4878,0.165
3069,0.365
370,0.283
3091,0.276
1392,0.285
3089,0.278
3090,0.282
3176,0.267
3183,0.173
3184,0.157
3186,0.173
4243,0.279
4244,0.278
3077,0.289
3084,0.276
3085,0.277
3087,0.281
4992,0.256
3078,0.277
5112,0.166
3185,0.271
4118,0.29
3086,0.357
3144,0.345
3145,0.324
3170,0.357
3083,0.354
3088,0.356
1693,0.183
110,0.172
138,0.179
857,0.181
1691,0.357
1748,0.312
2992,0.281
5109,0.269
2130,0.164
2131,0.159
2132,0.306
2134,0.178
213,0.137
3011,0.362
1555,0.333
4855,0.351
1749,0.172
2359,0.165
4252,0.195
2192,0.174
2197,0.165
1390,0.194
1709,0.337
1712,0.341
1714,0.162
1716,0.161
1804,0.341
1805,0.334
2479,0.343
367,0.173
368,0.173
1713,0.178
1807,0.173
1808,0.176
1862,0.302
2622,0.301
3108,0.172
3110,0.173
1710,0.181
1711,0.185
1430,0.372
2028,0.167
2029,0.164
3106,0.17
143,0.169
371,0.17
393,0.166
2958,0.167
940,0.167
58,0.17
2393,0.288
2394,0.313
2162,0.288
2149,0.302
2161,0.271
4800,0.324
4857,0.284
4858,0.287
4840,0.311
4841,0.278
1389,0.288
3215a,0.277
3215b,0.272
3215c,0.288
3215d,0.309
3215e,0.256
3215f,0.276
3215g,0.311
3215h,0.277
3215i,0.269
3215j,0.195
3215k,0.158
3215l,0.269
3215m,0.304
3215n,0.283
3215o,0.256
3215p,0.291
3215q,0.311
3215r,0.284
289a,0.274
289b,0.301
289c,0.275
289d,0.281
289e,0.302
289f,0.169
289g,0.269
289h,0.284
5412a,0.171
5412b,0.171
5412c,0.154
5412d,0.285
5412e,0.285
5412f,0.336
5412g,0.162
5412h,0.278
5412i,0.282
5412j,0.287
5412k,0.295
5412l,0.298
5412m,0.28
5412n,0.284
5412o,0.365
5412p,0.387
5412q,0.313
5412r,0.311
5412s,0.163
5412t,0.285
5412u,0.373
5412v,0.289
5412w,0.458
4913a,0.259
4913b,0.272
4913c,0.257
4913d,0.256
4913e,0.253
4913f,0.257
4913g,0.174
4913h,0.161
4913i,0.255
4913j,0.256
4913k,0.247
4913l,0.24
4913m,0.27
4913n,0.285
4913o,0.273
4913p,0.148
4913q,0.145
5414a,0.153
5414b,0.172
5414c,0.163
5414d,0.167
5414e,0.274
5414f,0.278
5414g,0.254
5414h,0.262
5414i,0.283
5414j,0.281
5414k,0.257
5414l,0.267
5414m,0.276
5414n,0.248
5414o,0.263
5414p,0.281
5414q,0.278
5414r,0.158
5414s,0.162
5414t,0.262
5414u,0.291
5414v,0.257
5414w,0.257
5414x,0.282
5414y,0.23
5414z,0.281
5414aa,0.297
5414bb,0.109
5414cc,0.113
5414dd,0.117
5414ee,0.113
4782a,0.314
4782b,0.298
4782c,0.278
4782d,0.274
4782e,0.329
4782f,0.326
4782g,0.311
4782h,0.328
4782i,0.299
4782j,0.341
4782k,0.171
4782l,0.158
4782m,0.289
4782n,0.283
4782o,0.294
4782p,0.308
4782q,0.299
4782r,0.303
4782s,0.364
4782t,0.368
5497a,0.315
5497b,0.303
5497c,0.28
5497d,0.329
5497e,0.371
5497f,0.339
5497g,0.31
5497h,0.332
5497i,0.304
5497j,0.346
5497k,0.169
5497l,0.157
5497m,0.291
5497n,0.286
5497o,0.297
5497p,0.298
5497q,0.298
5497r,0.301
5497s,0.378
5440a,0.342
5510a,0.226
5510b,0.162
5510c,0.271
5510d,0.223
5510e,0.29
5510f,0.271
5510g,0.223
5510h,0.224
5510i,0.224
5510j,0.226
5510k,0.231
5510l,0.281
5510m,0.267
5510n,0.234
5510o,0.226
4792a,0.2245
4792b,0.162
4792c,0.2715
4792d,0.224
4792f,0.2765
4792g,0.223
4792h,0.2235
4792i,0.2245
4792j,0.226
4792k,0.227
4792l,0.2695
4792m,0.256
4792o,0.2205
2466a,0.125
2466b,0.235
2466c,0.234
2466d,0.231
2466e,0.336
2466f,0.368
2466g,0.181
2466h,0.403
2466i,0.359
2466j,0.37
1984a,0.133
1984b,0.244
1984c,0.237
1984d,0.228
1984e,0.318
1984f,0.363
1984g,0.182
1984h,0.371
1984i,0.364
292a,0.241
292b,0.241
292c,0.135
292d,0.235
292e,0.32
292f,0.364
292g,0.177
292h,0.389
292i,0.358
292j,0.375
2076a,0.165
2076b,0.293
2076c,0.169
2076d,0.305
2076e,0.299
2076f,0.29
2076g,0.287
2076h,0.304
2076i,0.269
2076j,0.283
2076k,0.273
2076l,0.286
2076m,0.334
2076n,0.3
2076o,0.317
2076p,0.166
2076q,0.295
2076r,0.181
2076s,0.3
2076t,0.182
2076u,0.268
2076v,0.278
2076w,0.168
2076x,0.287
2076y,0.168
2076z,0.287
2076aa,0.091
2076bb,0.095
2076cc,0.161
2076dd,0.169
2076ee,0.176
2934,0.325
2462,0.175
944,0.282
2945,0.322
2946,0.301
1707,0.179
2988,0.334
4161,0.157
5162,0.172
1462,0.178
1463,0.159
1464,0.172
1465,0.176
1466,0.317
1467,0.293
1468,0.29
1469,0.292
1470,0.306
1471,0.313
1472,0.306
1473,0.295
1477,0.174
951,0.344
2367,0.342
5164,0.164
878,0.347
880,0.181
1398,0.168
924,0.207
1706,0.165
5022,0.18
4158,0.162
4159,0.167
4920,0.282
4922,0.299
4923,0.279
4926,0.302
4921,0.306
4915,0.35
1943,0.355
1991,0.324
2638,0.212
2965,0.134
366,0.116
1452,0.137
2129,0.212
1747,0.163
952,0.158
5031,0.14
5131,0.138
5139,0.13
3172,0.18
3171,0.175
5153,0.258
2773,0.117
882,0.147
1787,0.152
391,0.29
98,0.146
5536a,0.246
5536b,0.135
5536c,0.354
5536d,0.351
5536e,0.338
5536f,0.35
5536g,0.312
5536h,0.169
5536i,0.194
5536j,0.358
5536k,0.32
5535a,0.246
5535b,0.132
5535c,0.342
5535d,0.351
5535e,0.321
5535f,0.34
5535g,0.316
5535h,0.171
5535i,0.201
5535j,0.365
5535k,0.319
5534a,0.241
5534b,0.128
5534c,0.352
5534d,0.35
5534e,0.34
5534f,0.348
5534g,0.322
5534h,0.168
5534i,0.188
5534j,0.356
5534k,0.312
298a,0.237
298b,0.133
298c,0.353
298d,0.353
298e,0.338
298f,0.345
298g,0.307
298h,0.171
298i,0.195
298j,0.379
298k,0.312
5447a,0.11
5447b,0.19
5447c,0.34
5447d,0.13
5447e,0.25
5447f,0.16
5447g,0.23
5447h,0.24
5447i,0.14
5447j,0.18
5447k,0.21
5447l,0.25
5447m,0.12
5447n,0.2
5447o,0.12
5447p,0.1
5447q,0.15
5447r,0.09
5447s,0.14
5447t,0.11
5447u,0.28
5447v,0.23
5447w,0.3
5447x,0.16
5447y,0.22
5406a,0.293
5406b,0.368
5406c,0.195
1882a,0.304
1882b,0.36
1882c,0.299
1882d,0.287
1882e,0.322
1882f,0.309
1882g,0.307
1882h,0.286
1882i,0.31
1882j,0.346
1882k,0.339
1882l,0.318
1882m,0.303
1882n,0.311
1882o,0.304
1882p,0.286
1882q,0.385
1882r,0.363
1882s,0.481
5408k,0.21
5408l,0.32
4785a,0.18
4785b,0.298
4785c,0.179
4785d,0.321
4785e,0.16
4785f,0.178
4785g,0.163
4785h,0.316
4785i,0.164
4785j,0.153
4785k,0.197
4785l,0.162
5470a,0.31
5470b,0.29
5470c,0.35
5470d,0.41
5470e,0.48
5470f,0.35
5470g,0.4
5470h,0.49
2079a,0.173
2079b,0.283
2079c,0.282
2079d,0.268
2079e,0.175
2079f,0.254
2079g,0.291
2079h,0.29
2079i,0.373
2079j,0.273
2640a,0.176
2640b,0.173
2640c,0.191
2640d,0.174
2640e,0.191
2640f,0.28
2640g,0.297
2640h,0.282
2640i,0.261
2640j,0.281
2640k,0.291
2640l,0.265
2640m,0.254
2640n,0.28
2640o,0.265
2640p,0.277
2640q,0.357
2640r,0.278
2640s,0.297
2640t,0.272
2050,0.167
4169,0.331
4178,0.179
4187,0.348
1703,0.345
5156,0.162
1744,0.147
3008,0.359
2593,0.168
2978,0.173
1461,0.182
3093,0.189
3094,0.338
1702,0.324
1699,0.357
1990,0.182
1399,0.182
1474,0.178
1704,0.172
4160,0.182
4196,0.194
4179,0.184
4274,0.181
4195,0.305
4998,0.319
1954,0.333
1956,0.193
2257,0.185
2260,0.182
1405,0.169
2305,0.177
2360,0.188
1506,0.257
1507,0.268
1508,0.261
1509,0.262
1402,0.306
1558,0.164
4171,0.339
4172,0.353
4177,0.168
4181,0.349
4186,0.348
1523,0.343
1437,0.265
4914,0.351
2258,0.179
1524,0.364
4916,0.17
942,0.326
3004,0.341
1476,0.175
3001,0.17
3002,0.17
1407,0.353
102,0.184
4929a,0.1
4929b,0.13
4929c,0.18
4929d,0.14
4929e,0.22
4929f,0.28
4929g,0.25
4929h,0.22
4929i,0.17
948a,0.318
948b,0.28
948c,0.287
948d,0.271
948e,0.34
948f,0.168
948g,0.171
948h,0.286
948i,0.172
5471a,0.278
5471b,0.315
5471c,0.165
5471d,0.188
5471e,0.154
5471f,0.275
5471g,0.192
5471h,0.308
5471i,0.171
2073a,0.178
2073b,0.289
2073c,0.309
2073d,0.294
2073e,0.305
2073f,0.257
2073g,0.278
2073h,0.28
2073i,0.301
2073j,0.166
2073k,0.291
2073l,0.305
2073m,0.195
2073n,0.295
2073o,0.18
2073p,0.276
2073q,0.282
2073r,0.163
2073s,0.288
2073t,0.085
2073u,0.169
2073v,0.162
2073w,0.102
2073x,0.111
2073y,0.111
2073z,0.106
2073aa,0.065
2073bb,0.335
2073cc,0.186
4979,0.174
115,0.176
151,0.168
155,0.18
156,0.177
258,0.169
272,0.172
2159,0.166
2160,0.175
2180,0.273
86,0.169
196,0.275
173,0.281
257,0.268
2365,0.274
4836,0.165
171,0.284
174,0.276
4202,0.16
221,0.151
332,0.268
4994,0.182
4808,0.142
4208,0.316
4964,0.253
4965,0.282
4966,0.282
4967,0.276
4968,0.251
4969,0.249
4970,0.288
4975,0.146
4976,0.15
4984,0.15
4985,0.14
4218,0.184
4247,0.186
4248,0.186
4222,0.192
190,0.371
1498,0.366
192,0.332
5190,0.27
5184,0.259
2917,0.174
264,0.173
917,0.168
2409,0.327
2411,0.336
2339,0.338
959,0.173
2759,0.178
4296,0.163
4297,0.176
2094,0.307
2353,0.293
2352,0.175
5134,0.158
5135,0.157
4991,0.169
4986,0.266
4987,0.261
4988,0.261
4989,0.258
2994,0.171
5174,0.347
227,0.343
139,0.168
147,0.182
148,0.169
329,0.16
2155,0.3555
224,0.335
5171,0.186
193,0.258
3052,0.355
278,0.18
49,0.158
50,0.161
2425,0.179
2426,0.179
963,0.333
211,0.17
4139,0.17
1670,0.157
255,0.362
259,0.343
260,0.345
1831,0.182
116,0.169
7,0.36
160,0.37
279,0.347
5185,0.348
109,0.175
111,0.175
281,0.168
1789,0.168
1863,0.176
1868,0.17
1869,0.161
1870,0.174
1871,0.171
2882,0.175
2885,0.168
2158,0.292
2635,0.337
2481,0.334
2003,0.3
5203,0.175
5204,0.171
2889,0.117
2900,0.117
2901,0.117
1478,0.407
142,0.175
5177,0.339
961,0.179
4147,0.343
958,0.172
149,0.358
256,0.36
5175,0.324
911,0.326
1458,0.174
1459,0.172
2044,0.392
1419,0.266
4284,0.175
4285,0.177
4286,0.171
4287,0.176
4288,0.179
2547,0.262
2634,0.262
2500,0.165
2501,0.171
2549,0.284
2557,0.173
2542,0.272
2541,0.266
2555,0.267
2548,0.264
2556,0.267
2560,0.26
2550,0.287
2551,0.285
2552,0.269
4,0.284
3217,0.17
4197,0.171
4847,0.167
1740,0.058
956,0.167
954,0.36
4137,0.164
5191,0.145
2758,0.18
5198,0.167
5114,0.176
4193,0.209
4241,0.27
5037,0.167
51,0.346
52,0.333
3138,0.27
3139,0.277
164,0.18
165,0.182
166,0.178
177,0.168
167,0.259
3042,0.118
355,0.367
3097,0.237
3074,0.179
3100,0.182
1552,0.175
3073,0.186
1517,0.323
2771,0.192
131,0.33
2218,0.17
262,0.174
2265,0.257
1432,0.26
3079,0.256
2196,0.28
3070,0.159
3071,0.157
3076,0.159
2109,0.293
5189,0.347
1733,0.346
1736,0.17
1385,0.342
4166,0.349
5200,0.319
5195,0.17
1813,0.285
2607,0.281
2606,0.281
4245,0.3
4904,0.402
4899,0.29
1829,0.269
2216,0.344
2952,0.339
2951,0.3215
2949,0.3095
2948,0.358
2215,0.168
2911,0.359
4157,0.17
4307,0.161
1738,0.278
4240,0.283
2205,0.16
5028,0.175
225,0.204
5196,0.337
1386,0.154
282,0.168
2950,0.164
2906,0.171
4868,0.289
1431,0.272
1542,0.126
906,0.168
1445,0.158
2908,0.169
2516,0.358
2623,0.168
987,0.167
5199,0.169
4993,0.228
4132,0.17
4128,0.171
4129,0.17
4130,0.168
4131,0.173
4962,0.17
4963,0.163
4971,0.3
4977,0.28
4978,0.166
5146,0.175
4203,0.179
3179,0.176
3178,0.276
4126,0.292
89,0.18
341,0.172
1675,0.175
1961,0.168
87,0.28
397,0.283
276,0.253
277,0.175
1958,0.293
2018,0.278
245,0.179
4141,0.295
4142,0.175
5126,0.229
4209,0.18
4149,0.173
4150,0.162
4817,0.158
4819,0.171
4818,0.241
180,0.169
4898,0.261
4893,0.29
4894,0.304
4890,0.283
4891,0.292
4892,0.289
4897,0.292
2172,0.161
2252,0.192
4191,0.309
2322,0.176
3140,0.267
4845,0.12
3111,0.17
18,0.164
4814,0.175
4815,0.168
934,0.173
2907,0.259
4813,0.269
2903,0.264
3058,0.274
3057,0.272
41,0.279
42,0.267
4863,0.263
2195,0.17
4980,0.229
4981,0.232
4982,0.229
4983,0.231
1539,0.161
1557,0.182
4816,0.161
2490,0.175
356,0.173
1510,0.182
1511,0.344
1513,0.345
2328,0.169
5176,0.162
5188,0.167
1514,0.183
5173,0.356
5181,0.342
2377,0.171
2376,0.173
2209,0.174
2207,0.161
2266,0.289
1548,0.164
2157,0.306
2240,0.293
2536,0.171
2493,0.293
947,0.189
1516,0.356
1520,0.362
1515,0.342
1519,0.339
188,0.159
5187,0.17
2909,0.165
2910,0.162
2187,0.34
3056,0.155
2995,0.175
123,0.257
2200,0.303
2201,0.288
2238,0.333
2239,0.294
2241,0.289
2627,0.29
2491,0.292
2535,0.277
2492,0.289
3155,0.244
144,0.257
4140,0.169
895,0.343
1387,0.17
1512,0.34
1518,0.169
2368,0.173
1480,0.336
2041,0.172
4901a,0.303
4901b,0.306
4901c,0.297
2234,0.179
4151,0.175
2439,0.271
172,0.171
175,0.171
398,0.175
1541,0.164
1671,0.177
1672,0.17
1673,0.179
1674,0.165
1960,0.176
1970,0.164
2237,0.173
2913,0.178
991,0.278
2438,0.267
5027,0.276
2554,0.277
1739,0.274
5080,0.279
2204,0.292
2495,0.166
2423,0.281
2494,0.292
2489,0.284
280,0.258
125,0.177
120,0.233
121,0.239
2091,0.243
2202,0.189
3164,0.174
4900,0.172
886,0.175
887,0.167
5183,0.332
1731,0.187
361,0.169
2369,0.161
2420,0.165
2436,0.346
2437,0.352
3165,0.335
360,0.174
5179,0.167
2203,0.243
2212a,0.252
2212b,0.253
2212c,0.185
2212d,0.292
2212e,0.285
2212f,0.253
2212g,0.255
5000a,0.252
5000b,0.25
5000c,0.248
5000d,0.245
5000e,0.245
5000f,0.243
5000g,0.245
5000h,0.296
5000i,0.297
5000j,0.238
5000k,0.246
5000l,0.249
5000m,0.254
5000n,0.298
5000o,0.298
5000p,0.3
5000q,0.3
5000r,0.31
5000s,0.307
5201a,0.244
5201b,0.246
5201c,0.248
5529a,0.245
5529b,0.247
5529c,0.244
5529d,0.244
5529e,0.248
5529f,0.327
5529g,0.331
5529h,0.246
5529i,0.246
5529j,0.243
5529k,0.244
5529l,0.317
5529m,0.312
5529n,0.313
5529o,0.314
5529p,0.313
5529r,0.471
2647a,0.283
2647b,0.278
2647c,0.293
2647d,0.292
2647e,0.279
2647f,0.285
2647g,0.287
2647h,0.282
2647i,0.288
2647j,0.242
2647k,0.263
2647l,0.25
2647m,0.25
2647n,0.253
2647o,0.242
2546a,0.283
2546b,0.346
2546c,0.279
2546d,0.285
2546e,0.286
2546f,0.221
2546g,0.221
2546h,0.223
2546i,0.232
